Scenario,Variable,Region,Unit,1750,1751,1752,1753,1754,1755,1756,1757,1758,1759,1760,1761,1762,1763,1764,1765,1766,1767,1768,1769,1770,1771,1772,1773,1774,1775,1776,1777,1778,1779,1780,1781,1782,1783,1784,1785,1786,1787,1788,1789,1790,1791,1792,1793,1794,1795,1796,1797,1798,1799,1800,1801,1802,1803,1804,1805,1806,1807,1808,1809,1810,1811,1812,1813,1814,1815,1816,1817,1818,1819,1820,1821,1822,1823,1824,1825,1826,1827,1828,1829,1830,1831,1832,1833,1834,1835,1836,1837,1838,1839,1840,1841,1842,1843,1844,1845,1846,1847,1848,1849,1850,1851,1852,1853,1854,1855,1856,1857,1858,1859,1860,1861,1862,1863,1864,1865,1866,1867,1868,1869,1870,1871,1872,1873,1874,1875,1876,1877,1878,1879,1880,1881,1882,1883,1884,1885,1886,1887,1888,1889,1890,1891,1892,1893,1894,1895,1896,1897,1898,1899,1900,1901,1902,1903,1904,1905,1906,1907,1908,1909,1910,1911,1912,1913,1914,1915,1916,1917,1918,1919,1920,1921,1922,1923,1924,1925,1926,1927,1928,1929,1930,1931,1932,1933,1934,1935,1936,1937,1938,1939,1940,1941,1942,1943,1944,1945,1946,1947,1948,1949,1950,1951,1952,1953,1954,1955,1956,1957,1958,1959,1960,1961,1962,1963,1964,1965,1966,1967,1968,1969,1970,1971,1972,1973,1974,1975,1976,1977,1978,1979,1980,1981,1982,1983,1984,1985,1986,1987,1988,1989,1990,1991,1992,1993,1994,1995,1996,1997,1998,1999,2000,2001,2002,2003,2004,2005,2006,2007,2008,2009,2010,2011,2012,2013,2014,2015,2016,2017,2018,2019,2020,2021,2022,2023,2024,2025,2026,2027,2028,2029,2030,2031,2032,2033,2034,2035,2036,2037,2038,2039,2040,2041,2042,2043,2044,2045,2046,2047,2048,2049,2050,2051,2052,2053,2054,2055,2056,2057,2058,2059,2060,2061,2062,2063,2064,2065,2066,2067,2068,2069,2070,2071,2072,2073,2074,2075,2076,2077,2078,2079,2080,2081,2082,2083,2084,2085,2086,2087,2088,2089,2090,2091,2092,2093,2094,2095,2096,2097,2098,2099,2100
H,Solar,World,W/m2,0.102215039,0.097800073,0.079453784,0.049375854,0.013198096,-0.021216797,-0.045694116,-0.053276001,-0.034134082,0.017223047,0.067722144,0.092605078,0.086458447,0.064368018,0.031029565,-0.005725415,-0.035569336,-0.049687866,-0.036505371,0.019656738,0.085803223,0.117472412,0.109921729,0.086988867,0.051045117,0.010296387,-0.025428955,-0.04658335,-0.042776807,0.00185647,0.073260352,0.116037158,0.115881152,0.09159104,0.054726855,0.011201221,-0.025491357,-0.044789282,-0.031091968,0.037519409,0.117659619,0.14483584,0.13073291,0.112558228,0.081778271,0.045912524,0.008018701,-0.025850171,-0.050889111,-0.063119971,-0.060592676,-0.042386792,-0.01251167,0.015631787,0.032792432,0.035070117,0.026520996,0.012043652,-0.008003101,-0.029656714,-0.049173047,-0.062589551,-0.067285327,-0.062012329,-0.04633374,-0.025428955,-0.006458643,0.005148193,0.006895459,-0.000452417,-0.01385332,-0.031169971,-0.047768994,-0.059188623,-0.061591113,-0.049968677,-0.020031152,0.013354102,0.037753418,0.045163696,0.036130957,0.016396216,-0.010155981,-0.035272925,-0.05084231,-0.048299414,-0.014945361,0.044071655,0.088002905,0.099828149,0.086146436,0.063712793,0.030920361,-0.003931348,-0.034258887,-0.052792383,-0.05404043,-0.041669165,-0.029329102,-0.016957837,-0.004586572,0.007755115,0.002283199,0.001503155,-0.008608617,-0.022483778,-0.031076153,-0.033493861,-0.027442585,-0.010582326,0.003677079,0.014255227,0.012137769,-0.000113051,-0.00729009,-0.014365156,-0.02002363,-0.022910636,-0.027321755,-0.017514599,0.00030808,0.001711748,0.012501711,0.006781097,-0.002874825,-0.011223703,-0.026864081,-0.034041629,-0.038585891,-0.044414996,-0.043133184,-0.02914475,-0.009765283,-0.0139294,-0.016904667,0.006303574,-0.008147652,-0.024589088,-0.0347705,-0.03873455,-0.040153643,-0.036669284,-0.011180534,0.009687197,0.026166585,0.045983347,0.027203746,0.001572803,-0.014835431,-0.022544941,-0.031760399,-0.037104946,-0.046172392,-0.044020665,-0.025593424,0.007650937,-0.007035736,0.016989508,0.003997426,0.012103199,-0.004713129,-0.017121066,-0.035164704,-0.042070688,-0.040539982,-0.026775991,0.012960753,0.044951,0.066088955,0.069872033,0.03721586,0.006247097,-0.012936006,-0.030427682,-0.034474303,-0.026714256,-0.005576675,0.022760144,0.046467863,0.030929014,0.022965815,0.023177128,0.000975443,-0.015562053,-0.022505192,-0.014754991,0.011807207,0.069491105,0.072716596,0.062298183,0.05939626,0.039991591,0.024234164,0.005791151,-0.012855396,-0.00760081,0.027684672,0.044758679,0.090184252,0.105744011,0.090747839,0.057158453,0.012638911,0.010661935,-0.002371802,-0.002214728,0.025055738,0.085120676,0.140971596,0.148348622,0.116747134,0.095109484,0.047058505,0.013677183,0.002084495,-0.003225144,-0.000255593,0.025326675,0.057061643,0.073798401,0.076757746,0.078687518,0.050055185,0.048265187,0.019473292,0.005395537,0.005675237,0.001041957,0.03112505,0.077248973,0.115961036,0.108322711,0.11087221,0.067596484,0.065785705,0.014804317,-0.002380265,-0.000259183,0.010584463,0.055609312,0.117371927,0.105951871,0.104195202,0.083534446,0.034701259,0.005129601,-0.000487593,-0.012655272,0.003701228,0.05061655,0.085073072,0.110136855,0.099598671,0.104868677,0.043571881,0.016789555,-0.009682365,-0.015652004,-0.0271628,-0.029668862,-0.029721937,-0.007547777,0.026778812,0.041142496,0.049433641,0.059315907,0.02942091,-0.007377415,-0.01725677,-0.021257743,-0.021963061,-0.016758823,0.019767054,0.059602872,0.082191409,0.091047066,0.069002075,0.044016904,0.018579272,0.008369927,-0.00860819,-0.017686748,-0.026619857,-0.024629105,-0.002803447,0.035476502,0.040040464,0.057107053,0.039972206,0.039285737,0.014745503,-0.008383653,-0.028618399,-0.034189988,-0.031521988,-0.019106882,0.017031181,0.041573852,0.069042295,0.071676679,0.049390857,0.014869196,-0.002150445,-0.017823158,-0.029059917,-0.024753386,-0.003838513,0.022051982,0.02282058,0.027108732,0.030335745,0.008811901,-0.009428139,-0.024429834,-0.029734503,-0.031695702,-0.025265085,0.003310615,0.0288445,0.042992316,0.037252874,0.021467646,-0.001045239,-0.01193935,-0.020053634,-0.031883922,-0.036702024,-0.041539118,-0.035179492,-0.017277969,0.002084025,0.015693976,0.017454748,0.01637087,0.001955416,-0.004721735,-0.02636841,-0.038316834,-0.039288131,-0.037597156,-0.020906965,0.006823825,0.027237469,0.053755399,0.042793689,0.02052708,0.002851317,-0.017811351,-0.024866351,-0.03142223,-0.02191596
HL,Solar,World,W/m2,0.102215039,0.097800073,0.079453784,0.049375854,0.013198096,-0.021216797,-0.045694116,-0.053276001,-0.034134082,0.017223047,0.067722144,0.092605078,0.086458447,0.064368018,0.031029565,-0.005725415,-0.035569336,-0.049687866,-0.036505371,0.019656738,0.085803223,0.117472412,0.109921729,0.086988867,0.051045117,0.010296387,-0.025428955,-0.04658335,-0.042776807,0.00185647,0.073260352,0.116037158,0.115881152,0.09159104,0.054726855,0.011201221,-0.025491357,-0.044789282,-0.031091968,0.037519409,0.117659619,0.14483584,0.13073291,0.112558228,0.081778271,0.045912524,0.008018701,-0.025850171,-0.050889111,-0.063119971,-0.060592676,-0.042386792,-0.01251167,0.015631787,0.032792432,0.035070117,0.026520996,0.012043652,-0.008003101,-0.029656714,-0.049173047,-0.062589551,-0.067285327,-0.062012329,-0.04633374,-0.025428955,-0.006458643,0.005148193,0.006895459,-0.000452417,-0.01385332,-0.031169971,-0.047768994,-0.059188623,-0.061591113,-0.049968677,-0.020031152,0.013354102,0.037753418,0.045163696,0.036130957,0.016396216,-0.010155981,-0.035272925,-0.05084231,-0.048299414,-0.014945361,0.044071655,0.088002905,0.099828149,0.086146436,0.063712793,0.030920361,-0.003931348,-0.034258887,-0.052792383,-0.05404043,-0.041669165,-0.029329102,-0.016957837,-0.004586572,0.007755115,0.002283199,0.001503155,-0.008608617,-0.022483778,-0.031076153,-0.033493861,-0.027442585,-0.010582326,0.003677079,0.014255227,0.012137769,-0.000113051,-0.00729009,-0.014365156,-0.02002363,-0.022910636,-0.027321755,-0.017514599,0.00030808,0.001711748,0.012501711,0.006781097,-0.002874825,-0.011223703,-0.026864081,-0.034041629,-0.038585891,-0.044414996,-0.043133184,-0.02914475,-0.009765283,-0.0139294,-0.016904667,0.006303574,-0.008147652,-0.024589088,-0.0347705,-0.03873455,-0.040153643,-0.036669284,-0.011180534,0.009687197,0.026166585,0.045983347,0.027203746,0.001572803,-0.014835431,-0.022544941,-0.031760399,-0.037104946,-0.046172392,-0.044020665,-0.025593424,0.007650937,-0.007035736,0.016989508,0.003997426,0.012103199,-0.004713129,-0.017121066,-0.035164704,-0.042070688,-0.040539982,-0.026775991,0.012960753,0.044951,0.066088955,0.069872033,0.03721586,0.006247097,-0.012936006,-0.030427682,-0.034474303,-0.026714256,-0.005576675,0.022760144,0.046467863,0.030929014,0.022965815,0.023177128,0.000975443,-0.015562053,-0.022505192,-0.014754991,0.011807207,0.069491105,0.072716596,0.062298183,0.05939626,0.039991591,0.024234164,0.005791151,-0.012855396,-0.00760081,0.027684672,0.044758679,0.090184252,0.105744011,0.090747839,0.057158453,0.012638911,0.010661935,-0.002371802,-0.002214728,0.025055738,0.085120676,0.140971596,0.148348622,0.116747134,0.095109484,0.047058505,0.013677183,0.002084495,-0.003225144,-0.000255593,0.025326675,0.057061643,0.073798401,0.076757746,0.078687518,0.050055185,0.048265187,0.019473292,0.005395537,0.005675237,0.001041957,0.03112505,0.077248973,0.115961036,0.108322711,0.11087221,0.067596484,0.065785705,0.014804317,-0.002380265,-0.000259183,0.010584463,0.055609312,0.117371927,0.105951871,0.104195202,0.083534446,0.034701259,0.005129601,-0.000487593,-0.012655272,0.003701228,0.05061655,0.085073072,0.110136855,0.099598671,0.104868677,0.043571881,0.016789555,-0.009682365,-0.015652004,-0.0271628,-0.029668862,-0.029721937,-0.007547777,0.026778812,0.041142496,0.049433641,0.059315907,0.02942091,-0.007377415,-0.01725677,-0.021257743,-0.021963061,-0.016758823,0.019767054,0.059602872,0.082191409,0.091047066,0.069002075,0.044016904,0.018579272,0.008369927,-0.00860819,-0.017686748,-0.026619857,-0.024629105,-0.002803447,0.035476502,0.040040464,0.057107053,0.039972206,0.039285737,0.014745503,-0.008383653,-0.028618399,-0.034189988,-0.031521988,-0.019106882,0.017031181,0.041573852,0.069042295,0.071676679,0.049390857,0.014869196,-0.002150445,-0.017823158,-0.029059917,-0.024753386,-0.003838513,0.022051982,0.02282058,0.027108732,0.030335745,0.008811901,-0.009428139,-0.024429834,-0.029734503,-0.031695702,-0.025265085,0.003310615,0.0288445,0.042992316,0.037252874,0.021467646,-0.001045239,-0.01193935,-0.020053634,-0.031883922,-0.036702024,-0.041539118,-0.035179492,-0.017277969,0.002084025,0.015693976,0.017454748,0.01637087,0.001955416,-0.004721735,-0.02636841,-0.038316834,-0.039288131,-0.037597156,-0.020906965,0.006823825,0.027237469,0.053755399,0.042793689,0.02052708,0.002851317,-0.017811351,-0.024866351,-0.03142223,-0.02191596
L,Solar,World,W/m2,0.102215039,0.097800073,0.079453784,0.049375854,0.013198096,-0.021216797,-0.045694116,-0.053276001,-0.034134082,0.017223047,0.067722144,0.092605078,0.086458447,0.064368018,0.031029565,-0.005725415,-0.035569336,-0.049687866,-0.036505371,0.019656738,0.085803223,0.117472412,0.109921729,0.086988867,0.051045117,0.010296387,-0.025428955,-0.04658335,-0.042776807,0.00185647,0.073260352,0.116037158,0.115881152,0.09159104,0.054726855,0.011201221,-0.025491357,-0.044789282,-0.031091968,0.037519409,0.117659619,0.14483584,0.13073291,0.112558228,0.081778271,0.045912524,0.008018701,-0.025850171,-0.050889111,-0.063119971,-0.060592676,-0.042386792,-0.01251167,0.015631787,0.032792432,0.035070117,0.026520996,0.012043652,-0.008003101,-0.029656714,-0.049173047,-0.062589551,-0.067285327,-0.062012329,-0.04633374,-0.025428955,-0.006458643,0.005148193,0.006895459,-0.000452417,-0.01385332,-0.031169971,-0.047768994,-0.059188623,-0.061591113,-0.049968677,-0.020031152,0.013354102,0.037753418,0.045163696,0.036130957,0.016396216,-0.010155981,-0.035272925,-0.05084231,-0.048299414,-0.014945361,0.044071655,0.088002905,0.099828149,0.086146436,0.063712793,0.030920361,-0.003931348,-0.034258887,-0.052792383,-0.05404043,-0.041669165,-0.029329102,-0.016957837,-0.004586572,0.007755115,0.002283199,0.001503155,-0.008608617,-0.022483778,-0.031076153,-0.033493861,-0.027442585,-0.010582326,0.003677079,0.014255227,0.012137769,-0.000113051,-0.00729009,-0.014365156,-0.02002363,-0.022910636,-0.027321755,-0.017514599,0.00030808,0.001711748,0.012501711,0.006781097,-0.002874825,-0.011223703,-0.026864081,-0.034041629,-0.038585891,-0.044414996,-0.043133184,-0.02914475,-0.009765283,-0.0139294,-0.016904667,0.006303574,-0.008147652,-0.024589088,-0.0347705,-0.03873455,-0.040153643,-0.036669284,-0.011180534,0.009687197,0.026166585,0.045983347,0.027203746,0.001572803,-0.014835431,-0.022544941,-0.031760399,-0.037104946,-0.046172392,-0.044020665,-0.025593424,0.007650937,-0.007035736,0.016989508,0.003997426,0.012103199,-0.004713129,-0.017121066,-0.035164704,-0.042070688,-0.040539982,-0.026775991,0.012960753,0.044951,0.066088955,0.069872033,0.03721586,0.006247097,-0.012936006,-0.030427682,-0.034474303,-0.026714256,-0.005576675,0.022760144,0.046467863,0.030929014,0.022965815,0.023177128,0.000975443,-0.015562053,-0.022505192,-0.014754991,0.011807207,0.069491105,0.072716596,0.062298183,0.05939626,0.039991591,0.024234164,0.005791151,-0.012855396,-0.00760081,0.027684672,0.044758679,0.090184252,0.105744011,0.090747839,0.057158453,0.012638911,0.010661935,-0.002371802,-0.002214728,0.025055738,0.085120676,0.140971596,0.148348622,0.116747134,0.095109484,0.047058505,0.013677183,0.002084495,-0.003225144,-0.000255593,0.025326675,0.057061643,0.073798401,0.076757746,0.078687518,0.050055185,0.048265187,0.019473292,0.005395537,0.005675237,0.001041957,0.03112505,0.077248973,0.115961036,0.108322711,0.11087221,0.067596484,0.065785705,0.014804317,-0.002380265,-0.000259183,0.010584463,0.055609312,0.117371927,0.105951871,0.104195202,0.083534446,0.034701259,0.005129601,-0.000487593,-0.012655272,0.003701228,0.05061655,0.085073072,0.110136855,0.099598671,0.104868677,0.043571881,0.016789555,-0.009682365,-0.015652004,-0.0271628,-0.029668862,-0.029721937,-0.007547777,0.026778812,0.041142496,0.049433641,0.059315907,0.02942091,-0.007377415,-0.01725677,-0.021257743,-0.021963061,-0.016758823,0.019767054,0.059602872,0.082191409,0.091047066,0.069002075,0.044016904,0.018579272,0.008369927,-0.00860819,-0.017686748,-0.026619857,-0.024629105,-0.002803447,0.035476502,0.040040464,0.057107053,0.039972206,0.039285737,0.014745503,-0.008383653,-0.028618399,-0.034189988,-0.031521988,-0.019106882,0.017031181,0.041573852,0.069042295,0.071676679,0.049390857,0.014869196,-0.002150445,-0.017823158,-0.029059917,-0.024753386,-0.003838513,0.022051982,0.02282058,0.027108732,0.030335745,0.008811901,-0.009428139,-0.024429834,-0.029734503,-0.031695702,-0.025265085,0.003310615,0.0288445,0.042992316,0.037252874,0.021467646,-0.001045239,-0.01193935,-0.020053634,-0.031883922,-0.036702024,-0.041539118,-0.035179492,-0.017277969,0.002084025,0.015693976,0.017454748,0.01637087,0.001955416,-0.004721735,-0.02636841,-0.038316834,-0.039288131,-0.037597156,-0.020906965,0.006823825,0.027237469,0.053755399,0.042793689,0.02052708,0.002851317,-0.017811351,-0.024866351,-0.03142223,-0.02191596
LN,Solar,World,W/m2,0.102215039,0.097800073,0.079453784,0.049375854,0.013198096,-0.021216797,-0.045694116,-0.053276001,-0.034134082,0.017223047,0.067722144,0.092605078,0.086458447,0.064368018,0.031029565,-0.005725415,-0.035569336,-0.049687866,-0.036505371,0.019656738,0.085803223,0.117472412,0.109921729,0.086988867,0.051045117,0.010296387,-0.025428955,-0.04658335,-0.042776807,0.00185647,0.073260352,0.116037158,0.115881152,0.09159104,0.054726855,0.011201221,-0.025491357,-0.044789282,-0.031091968,0.037519409,0.117659619,0.14483584,0.13073291,0.112558228,0.081778271,0.045912524,0.008018701,-0.025850171,-0.050889111,-0.063119971,-0.060592676,-0.042386792,-0.01251167,0.015631787,0.032792432,0.035070117,0.026520996,0.012043652,-0.008003101,-0.029656714,-0.049173047,-0.062589551,-0.067285327,-0.062012329,-0.04633374,-0.025428955,-0.006458643,0.005148193,0.006895459,-0.000452417,-0.01385332,-0.031169971,-0.047768994,-0.059188623,-0.061591113,-0.049968677,-0.020031152,0.013354102,0.037753418,0.045163696,0.036130957,0.016396216,-0.010155981,-0.035272925,-0.05084231,-0.048299414,-0.014945361,0.044071655,0.088002905,0.099828149,0.086146436,0.063712793,0.030920361,-0.003931348,-0.034258887,-0.052792383,-0.05404043,-0.041669165,-0.029329102,-0.016957837,-0.004586572,0.007755115,0.002283199,0.001503155,-0.008608617,-0.022483778,-0.031076153,-0.033493861,-0.027442585,-0.010582326,0.003677079,0.014255227,0.012137769,-0.000113051,-0.00729009,-0.014365156,-0.02002363,-0.022910636,-0.027321755,-0.017514599,0.00030808,0.001711748,0.012501711,0.006781097,-0.002874825,-0.011223703,-0.026864081,-0.034041629,-0.038585891,-0.044414996,-0.043133184,-0.02914475,-0.009765283,-0.0139294,-0.016904667,0.006303574,-0.008147652,-0.024589088,-0.0347705,-0.03873455,-0.040153643,-0.036669284,-0.011180534,0.009687197,0.026166585,0.045983347,0.027203746,0.001572803,-0.014835431,-0.022544941,-0.031760399,-0.037104946,-0.046172392,-0.044020665,-0.025593424,0.007650937,-0.007035736,0.016989508,0.003997426,0.012103199,-0.004713129,-0.017121066,-0.035164704,-0.042070688,-0.040539982,-0.026775991,0.012960753,0.044951,0.066088955,0.069872033,0.03721586,0.006247097,-0.012936006,-0.030427682,-0.034474303,-0.026714256,-0.005576675,0.022760144,0.046467863,0.030929014,0.022965815,0.023177128,0.000975443,-0.015562053,-0.022505192,-0.014754991,0.011807207,0.069491105,0.072716596,0.062298183,0.05939626,0.039991591,0.024234164,0.005791151,-0.012855396,-0.00760081,0.027684672,0.044758679,0.090184252,0.105744011,0.090747839,0.057158453,0.012638911,0.010661935,-0.002371802,-0.002214728,0.025055738,0.085120676,0.140971596,0.148348622,0.116747134,0.095109484,0.047058505,0.013677183,0.002084495,-0.003225144,-0.000255593,0.025326675,0.057061643,0.073798401,0.076757746,0.078687518,0.050055185,0.048265187,0.019473292,0.005395537,0.005675237,0.001041957,0.03112505,0.077248973,0.115961036,0.108322711,0.11087221,0.067596484,0.065785705,0.014804317,-0.002380265,-0.000259183,0.010584463,0.055609312,0.117371927,0.105951871,0.104195202,0.083534446,0.034701259,0.005129601,-0.000487593,-0.012655272,0.003701228,0.05061655,0.085073072,0.110136855,0.099598671,0.104868677,0.043571881,0.016789555,-0.009682365,-0.015652004,-0.0271628,-0.029668862,-0.029721937,-0.007547777,0.026778812,0.041142496,0.049433641,0.059315907,0.02942091,-0.007377415,-0.01725677,-0.021257743,-0.021963061,-0.016758823,0.019767054,0.059602872,0.082191409,0.091047066,0.069002075,0.044016904,0.018579272,0.008369927,-0.00860819,-0.017686748,-0.026619857,-0.024629105,-0.002803447,0.035476502,0.040040464,0.057107053,0.039972206,0.039285737,0.014745503,-0.008383653,-0.028618399,-0.034189988,-0.031521988,-0.019106882,0.017031181,0.041573852,0.069042295,0.071676679,0.049390857,0.014869196,-0.002150445,-0.017823158,-0.029059917,-0.024753386,-0.003838513,0.022051982,0.02282058,0.027108732,0.030335745,0.008811901,-0.009428139,-0.024429834,-0.029734503,-0.031695702,-0.025265085,0.003310615,0.0288445,0.042992316,0.037252874,0.021467646,-0.001045239,-0.01193935,-0.020053634,-0.031883922,-0.036702024,-0.041539118,-0.035179492,-0.017277969,0.002084025,0.015693976,0.017454748,0.01637087,0.001955416,-0.004721735,-0.02636841,-0.038316834,-0.039288131,-0.037597156,-0.020906965,0.006823825,0.027237469,0.053755399,0.042793689,0.02052708,0.002851317,-0.017811351,-0.024866351,-0.03142223,-0.02191596
M,Solar,World,W/m2,0.102215039,0.097800073,0.079453784,0.049375854,0.013198096,-0.021216797,-0.045694116,-0.053276001,-0.034134082,0.017223047,0.067722144,0.092605078,0.086458447,0.064368018,0.031029565,-0.005725415,-0.035569336,-0.049687866,-0.036505371,0.019656738,0.085803223,0.117472412,0.109921729,0.086988867,0.051045117,0.010296387,-0.025428955,-0.04658335,-0.042776807,0.00185647,0.073260352,0.116037158,0.115881152,0.09159104,0.054726855,0.011201221,-0.025491357,-0.044789282,-0.031091968,0.037519409,0.117659619,0.14483584,0.13073291,0.112558228,0.081778271,0.045912524,0.008018701,-0.025850171,-0.050889111,-0.063119971,-0.060592676,-0.042386792,-0.01251167,0.015631787,0.032792432,0.035070117,0.026520996,0.012043652,-0.008003101,-0.029656714,-0.049173047,-0.062589551,-0.067285327,-0.062012329,-0.04633374,-0.025428955,-0.006458643,0.005148193,0.006895459,-0.000452417,-0.01385332,-0.031169971,-0.047768994,-0.059188623,-0.061591113,-0.049968677,-0.020031152,0.013354102,0.037753418,0.045163696,0.036130957,0.016396216,-0.010155981,-0.035272925,-0.05084231,-0.048299414,-0.014945361,0.044071655,0.088002905,0.099828149,0.086146436,0.063712793,0.030920361,-0.003931348,-0.034258887,-0.052792383,-0.05404043,-0.041669165,-0.029329102,-0.016957837,-0.004586572,0.007755115,0.002283199,0.001503155,-0.008608617,-0.022483778,-0.031076153,-0.033493861,-0.027442585,-0.010582326,0.003677079,0.014255227,0.012137769,-0.000113051,-0.00729009,-0.014365156,-0.02002363,-0.022910636,-0.027321755,-0.017514599,0.00030808,0.001711748,0.012501711,0.006781097,-0.002874825,-0.011223703,-0.026864081,-0.034041629,-0.038585891,-0.044414996,-0.043133184,-0.02914475,-0.009765283,-0.0139294,-0.016904667,0.006303574,-0.008147652,-0.024589088,-0.0347705,-0.03873455,-0.040153643,-0.036669284,-0.011180534,0.009687197,0.026166585,0.045983347,0.027203746,0.001572803,-0.014835431,-0.022544941,-0.031760399,-0.037104946,-0.046172392,-0.044020665,-0.025593424,0.007650937,-0.007035736,0.016989508,0.003997426,0.012103199,-0.004713129,-0.017121066,-0.035164704,-0.042070688,-0.040539982,-0.026775991,0.012960753,0.044951,0.066088955,0.069872033,0.03721586,0.006247097,-0.012936006,-0.030427682,-0.034474303,-0.026714256,-0.005576675,0.022760144,0.046467863,0.030929014,0.022965815,0.023177128,0.000975443,-0.015562053,-0.022505192,-0.014754991,0.011807207,0.069491105,0.072716596,0.062298183,0.05939626,0.039991591,0.024234164,0.005791151,-0.012855396,-0.00760081,0.027684672,0.044758679,0.090184252,0.105744011,0.090747839,0.057158453,0.012638911,0.010661935,-0.002371802,-0.002214728,0.025055738,0.085120676,0.140971596,0.148348622,0.116747134,0.095109484,0.047058505,0.013677183,0.002084495,-0.003225144,-0.000255593,0.025326675,0.057061643,0.073798401,0.076757746,0.078687518,0.050055185,0.048265187,0.019473292,0.005395537,0.005675237,0.001041957,0.03112505,0.077248973,0.115961036,0.108322711,0.11087221,0.067596484,0.065785705,0.014804317,-0.002380265,-0.000259183,0.010584463,0.055609312,0.117371927,0.105951871,0.104195202,0.083534446,0.034701259,0.005129601,-0.000487593,-0.012655272,0.003701228,0.05061655,0.085073072,0.110136855,0.099598671,0.104868677,0.043571881,0.016789555,-0.009682365,-0.015652004,-0.0271628,-0.029668862,-0.029721937,-0.007547777,0.026778812,0.041142496,0.049433641,0.059315907,0.02942091,-0.007377415,-0.01725677,-0.021257743,-0.021963061,-0.016758823,0.019767054,0.059602872,0.082191409,0.091047066,0.069002075,0.044016904,0.018579272,0.008369927,-0.00860819,-0.017686748,-0.026619857,-0.024629105,-0.002803447,0.035476502,0.040040464,0.057107053,0.039972206,0.039285737,0.014745503,-0.008383653,-0.028618399,-0.034189988,-0.031521988,-0.019106882,0.017031181,0.041573852,0.069042295,0.071676679,0.049390857,0.014869196,-0.002150445,-0.017823158,-0.029059917,-0.024753386,-0.003838513,0.022051982,0.02282058,0.027108732,0.030335745,0.008811901,-0.009428139,-0.024429834,-0.029734503,-0.031695702,-0.025265085,0.003310615,0.0288445,0.042992316,0.037252874,0.021467646,-0.001045239,-0.01193935,-0.020053634,-0.031883922,-0.036702024,-0.041539118,-0.035179492,-0.017277969,0.002084025,0.015693976,0.017454748,0.01637087,0.001955416,-0.004721735,-0.02636841,-0.038316834,-0.039288131,-0.037597156,-0.020906965,0.006823825,0.027237469,0.053755399,0.042793689,0.02052708,0.002851317,-0.017811351,-0.024866351,-0.03142223,-0.02191596
ML,Solar,World,W/m2,0.102215039,0.097800073,0.079453784,0.049375854,0.013198096,-0.021216797,-0.045694116,-0.053276001,-0.034134082,0.017223047,0.067722144,0.092605078,0.086458447,0.064368018,0.031029565,-0.005725415,-0.035569336,-0.049687866,-0.036505371,0.019656738,0.085803223,0.117472412,0.109921729,0.086988867,0.051045117,0.010296387,-0.025428955,-0.04658335,-0.042776807,0.00185647,0.073260352,0.116037158,0.115881152,0.09159104,0.054726855,0.011201221,-0.025491357,-0.044789282,-0.031091968,0.037519409,0.117659619,0.14483584,0.13073291,0.112558228,0.081778271,0.045912524,0.008018701,-0.025850171,-0.050889111,-0.063119971,-0.060592676,-0.042386792,-0.01251167,0.015631787,0.032792432,0.035070117,0.026520996,0.012043652,-0.008003101,-0.029656714,-0.049173047,-0.062589551,-0.067285327,-0.062012329,-0.04633374,-0.025428955,-0.006458643,0.005148193,0.006895459,-0.000452417,-0.01385332,-0.031169971,-0.047768994,-0.059188623,-0.061591113,-0.049968677,-0.020031152,0.013354102,0.037753418,0.045163696,0.036130957,0.016396216,-0.010155981,-0.035272925,-0.05084231,-0.048299414,-0.014945361,0.044071655,0.088002905,0.099828149,0.086146436,0.063712793,0.030920361,-0.003931348,-0.034258887,-0.052792383,-0.05404043,-0.041669165,-0.029329102,-0.016957837,-0.004586572,0.007755115,0.002283199,0.001503155,-0.008608617,-0.022483778,-0.031076153,-0.033493861,-0.027442585,-0.010582326,0.003677079,0.014255227,0.012137769,-0.000113051,-0.00729009,-0.014365156,-0.02002363,-0.022910636,-0.027321755,-0.017514599,0.00030808,0.001711748,0.012501711,0.006781097,-0.002874825,-0.011223703,-0.026864081,-0.034041629,-0.038585891,-0.044414996,-0.043133184,-0.02914475,-0.009765283,-0.0139294,-0.016904667,0.006303574,-0.008147652,-0.024589088,-0.0347705,-0.03873455,-0.040153643,-0.036669284,-0.011180534,0.009687197,0.026166585,0.045983347,0.027203746,0.001572803,-0.014835431,-0.022544941,-0.031760399,-0.037104946,-0.046172392,-0.044020665,-0.025593424,0.007650937,-0.007035736,0.016989508,0.003997426,0.012103199,-0.004713129,-0.017121066,-0.035164704,-0.042070688,-0.040539982,-0.026775991,0.012960753,0.044951,0.066088955,0.069872033,0.03721586,0.006247097,-0.012936006,-0.030427682,-0.034474303,-0.026714256,-0.005576675,0.022760144,0.046467863,0.030929014,0.022965815,0.023177128,0.000975443,-0.015562053,-0.022505192,-0.014754991,0.011807207,0.069491105,0.072716596,0.062298183,0.05939626,0.039991591,0.024234164,0.005791151,-0.012855396,-0.00760081,0.027684672,0.044758679,0.090184252,0.105744011,0.090747839,0.057158453,0.012638911,0.010661935,-0.002371802,-0.002214728,0.025055738,0.085120676,0.140971596,0.148348622,0.116747134,0.095109484,0.047058505,0.013677183,0.002084495,-0.003225144,-0.000255593,0.025326675,0.057061643,0.073798401,0.076757746,0.078687518,0.050055185,0.048265187,0.019473292,0.005395537,0.005675237,0.001041957,0.03112505,0.077248973,0.115961036,0.108322711,0.11087221,0.067596484,0.065785705,0.014804317,-0.002380265,-0.000259183,0.010584463,0.055609312,0.117371927,0.105951871,0.104195202,0.083534446,0.034701259,0.005129601,-0.000487593,-0.012655272,0.003701228,0.05061655,0.085073072,0.110136855,0.099598671,0.104868677,0.043571881,0.016789555,-0.009682365,-0.015652004,-0.0271628,-0.029668862,-0.029721937,-0.007547777,0.026778812,0.041142496,0.049433641,0.059315907,0.02942091,-0.007377415,-0.01725677,-0.021257743,-0.021963061,-0.016758823,0.019767054,0.059602872,0.082191409,0.091047066,0.069002075,0.044016904,0.018579272,0.008369927,-0.00860819,-0.017686748,-0.026619857,-0.024629105,-0.002803447,0.035476502,0.040040464,0.057107053,0.039972206,0.039285737,0.014745503,-0.008383653,-0.028618399,-0.034189988,-0.031521988,-0.019106882,0.017031181,0.041573852,0.069042295,0.071676679,0.049390857,0.014869196,-0.002150445,-0.017823158,-0.029059917,-0.024753386,-0.003838513,0.022051982,0.02282058,0.027108732,0.030335745,0.008811901,-0.009428139,-0.024429834,-0.029734503,-0.031695702,-0.025265085,0.003310615,0.0288445,0.042992316,0.037252874,0.021467646,-0.001045239,-0.01193935,-0.020053634,-0.031883922,-0.036702024,-0.041539118,-0.035179492,-0.017277969,0.002084025,0.015693976,0.017454748,0.01637087,0.001955416,-0.004721735,-0.02636841,-0.038316834,-0.039288131,-0.037597156,-0.020906965,0.006823825,0.027237469,0.053755399,0.042793689,0.02052708,0.002851317,-0.017811351,-0.024866351,-0.03142223,-0.02191596
VL,Solar,World,W/m2,0.102215039,0.097800073,0.079453784,0.049375854,0.013198096,-0.021216797,-0.045694116,-0.053276001,-0.034134082,0.017223047,0.067722144,0.092605078,0.086458447,0.064368018,0.031029565,-0.005725415,-0.035569336,-0.049687866,-0.036505371,0.019656738,0.085803223,0.117472412,0.109921729,0.086988867,0.051045117,0.010296387,-0.025428955,-0.04658335,-0.042776807,0.00185647,0.073260352,0.116037158,0.115881152,0.09159104,0.054726855,0.011201221,-0.025491357,-0.044789282,-0.031091968,0.037519409,0.117659619,0.14483584,0.13073291,0.112558228,0.081778271,0.045912524,0.008018701,-0.025850171,-0.050889111,-0.063119971,-0.060592676,-0.042386792,-0.01251167,0.015631787,0.032792432,0.035070117,0.026520996,0.012043652,-0.008003101,-0.029656714,-0.049173047,-0.062589551,-0.067285327,-0.062012329,-0.04633374,-0.025428955,-0.006458643,0.005148193,0.006895459,-0.000452417,-0.01385332,-0.031169971,-0.047768994,-0.059188623,-0.061591113,-0.049968677,-0.020031152,0.013354102,0.037753418,0.045163696,0.036130957,0.016396216,-0.010155981,-0.035272925,-0.05084231,-0.048299414,-0.014945361,0.044071655,0.088002905,0.099828149,0.086146436,0.063712793,0.030920361,-0.003931348,-0.034258887,-0.052792383,-0.05404043,-0.041669165,-0.029329102,-0.016957837,-0.004586572,0.007755115,0.002283199,0.001503155,-0.008608617,-0.022483778,-0.031076153,-0.033493861,-0.027442585,-0.010582326,0.003677079,0.014255227,0.012137769,-0.000113051,-0.00729009,-0.014365156,-0.02002363,-0.022910636,-0.027321755,-0.017514599,0.00030808,0.001711748,0.012501711,0.006781097,-0.002874825,-0.011223703,-0.026864081,-0.034041629,-0.038585891,-0.044414996,-0.043133184,-0.02914475,-0.009765283,-0.0139294,-0.016904667,0.006303574,-0.008147652,-0.024589088,-0.0347705,-0.03873455,-0.040153643,-0.036669284,-0.011180534,0.009687197,0.026166585,0.045983347,0.027203746,0.001572803,-0.014835431,-0.022544941,-0.031760399,-0.037104946,-0.046172392,-0.044020665,-0.025593424,0.007650937,-0.007035736,0.016989508,0.003997426,0.012103199,-0.004713129,-0.017121066,-0.035164704,-0.042070688,-0.040539982,-0.026775991,0.012960753,0.044951,0.066088955,0.069872033,0.03721586,0.006247097,-0.012936006,-0.030427682,-0.034474303,-0.026714256,-0.005576675,0.022760144,0.046467863,0.030929014,0.022965815,0.023177128,0.000975443,-0.015562053,-0.022505192,-0.014754991,0.011807207,0.069491105,0.072716596,0.062298183,0.05939626,0.039991591,0.024234164,0.005791151,-0.012855396,-0.00760081,0.027684672,0.044758679,0.090184252,0.105744011,0.090747839,0.057158453,0.012638911,0.010661935,-0.002371802,-0.002214728,0.025055738,0.085120676,0.140971596,0.148348622,0.116747134,0.095109484,0.047058505,0.013677183,0.002084495,-0.003225144,-0.000255593,0.025326675,0.057061643,0.073798401,0.076757746,0.078687518,0.050055185,0.048265187,0.019473292,0.005395537,0.005675237,0.001041957,0.03112505,0.077248973,0.115961036,0.108322711,0.11087221,0.067596484,0.065785705,0.014804317,-0.002380265,-0.000259183,0.010584463,0.055609312,0.117371927,0.105951871,0.104195202,0.083534446,0.034701259,0.005129601,-0.000487593,-0.012655272,0.003701228,0.05061655,0.085073072,0.110136855,0.099598671,0.104868677,0.043571881,0.016789555,-0.009682365,-0.015652004,-0.0271628,-0.029668862,-0.029721937,-0.007547777,0.026778812,0.041142496,0.049433641,0.059315907,0.02942091,-0.007377415,-0.01725677,-0.021257743,-0.021963061,-0.016758823,0.019767054,0.059602872,0.082191409,0.091047066,0.069002075,0.044016904,0.018579272,0.008369927,-0.00860819,-0.017686748,-0.026619857,-0.024629105,-0.002803447,0.035476502,0.040040464,0.057107053,0.039972206,0.039285737,0.014745503,-0.008383653,-0.028618399,-0.034189988,-0.031521988,-0.019106882,0.017031181,0.041573852,0.069042295,0.071676679,0.049390857,0.014869196,-0.002150445,-0.017823158,-0.029059917,-0.024753386,-0.003838513,0.022051982,0.02282058,0.027108732,0.030335745,0.008811901,-0.009428139,-0.024429834,-0.029734503,-0.031695702,-0.025265085,0.003310615,0.0288445,0.042992316,0.037252874,0.021467646,-0.001045239,-0.01193935,-0.020053634,-0.031883922,-0.036702024,-0.041539118,-0.035179492,-0.017277969,0.002084025,0.015693976,0.017454748,0.01637087,0.001955416,-0.004721735,-0.02636841,-0.038316834,-0.039288131,-0.037597156,-0.020906965,0.006823825,0.027237469,0.053755399,0.042793689,0.02052708,0.002851317,-0.017811351,-0.024866351,-0.03142223,-0.02191596
H,Volcanic,World,W/m2,0.246391008,0.24641247,0.246419681,0.246422103,0.246422921,-0.116728684,-0.00449655,0.156275043,0.215874996,0.236149688,0.242971751,0.245263888,0.24603386,-0.890820615,-0.539512136,-0.035952273,0.150735204,0.214242681,-0.313290227,-0.136472271,0.108944764,0.199839903,0.230757125,0.241160054,0.24465531,0.245829436,0.246223838,0.246356319,0.246400822,0.246415767,0.246420787,0.24642247,0.246423033,0.24642323,-2.061152454,-1.349945154,-0.327106143,0.052072679,0.181061671,0.224464113,0.23904683,0.243945479,0.245590991,0.24614373,0.246329406,0.246391779,0.025182313,0.093560599,0.191504221,0.227813019,0.240164536,0.2443206,0.245716985,0.246186063,0.246343628,0.24639656,0.246414339,0.246420305,0.24642231,0.246422982,-3.283193242,-2.212218578,-0.636926828,-0.05291596,0.145753248,0.212601768,-6.455758865,-4.750234104,-1.560522125,-0.366210158,0.040375668,0.17719798,0.223169242,-0.015950444,0.06787124,0.182334458,0.224708275,0.239120505,0.243969848,0.245599162,0.246146478,0.246330334,-3.342833909,-2.313054017,-0.673192462,-0.065206248,-1.026814193,-0.596315695,-0.055536949,0.14413355,0.212024077,0.234866476,0.242541163,0.24511926,0.245985275,-0.05635035,0.037274126,0.171283188,0.220960817,0.237860086,0.243546385,0.245486068,0.245842523,0.238493171,0.246023229,0.246649362,-0.173711446,-0.038304603,0.146673648,0.213704274,0.236016686,0.243378201,0.118307571,0.094238356,-0.692119028,-0.362800983,0.038346464,0.178444668,0.224731875,0.239871784,0.244816072,0.246430369,0.24695602,0.240915657,0.133237095,0.240623896,0.24716233,0.219154276,0.228442966,0.24064642,0.242242154,0.194194887,0.192941428,0.243866965,-0.277218465,-1.847969088,-0.759684592,-0.157606255,-0.003385799,0.181086627,0.237916008,0.073533245,-0.0756282,-0.037344516,0.15071032,0.215774031,0.23668094,0.24263756,0.24415687,0.24440193,0.244287347,0.244069602,0.243847378,0.007888733,-0.700558872,-0.24577168,0.120776828,0.225678559,0.063444686,0.176417571,0.242036872,0.241792045,0.241543095,-0.340997887,-0.248960343,0.052521652,0.214513572,0.239832788,0.239961045,0.239685265,0.239403379,0.239117427,0.238827339,0.099849309,0.164137004,0.237932374,0.237625798,0.237315155,0.237000355,0.198287335,0.009617596,0.236031321,0.235700087,0.050137615,0.196934349,0.234681665,0.234333979,0.233982163,0.233626238,0.233266189,0.232902032,0.232533757,0.232161381,0.231784857,0.231404237,0.231019498,0.230630675,0.230237686,0.229840613,0.229439431,0.229034114,0.228624706,0.22821116,0.227793506,0.227371754,0.226945857,0.226515855,0.22608176,0.225643517,0.225201183,0.22475473,0.224304176,0.212716053,0.022043766,-0.866306042,-0.618902914,-0.298486612,0.155161022,-0.105414249,0.011417295,0.097829001,0.09369097,-0.043463734,0.072032361,0.202489417,0.070650438,-0.176655696,0.083381045,0.168028365,0.193015016,0.177572517,0.13238146,0.100339081,-0.245338392,-0.706958684,-0.24331905,0.020547461,0.018967176,0.096925853,0.15093587,0.18801116,0.183691019,-0.528611176,-1.741204478,-0.747536443,-0.040998913,0.132348997,0.195174714,0.215744422,0.217402831,0.220889653,0.221536499,0.216276086,0.22305988,0.206704845,0.21761975,0.191796861,0.176217444,0.163979474,0.179978803,0.151981081,0.185450929,0.146092467,0.183259497,0.206062498,0.188503835,0.156560245,0.176841346,0.202710817,0.182834024,0.127848141,0.085618687,0.14483103,0.040381023,0.040381023,0.035894243,0.031407462,0.026920682,0.022433902,0.017947121,0.013460341,0.008973561,0.00448678,0.0,0.0,0.0,0.0,0.0,0.0,0.0,0.0,0.0,0.0,0.0,0.0,0.0,0.0,0.0,0.0,0.0,0.0,0.0,0.0,0.0,0.0,0.0,0.0,0.0,0.0,0.0,0.0,0.0,0.0,0.0,0.0,0.0,0.0,0.0,0.0,0.0,0.0,0.0,0.0,0.0,0.0,0.0,0.0,0.0,0.0,0.0,0.0,0.0,0.0,0.0,0.0,0.0,0.0,0.0,0.0,0.0,0.0,0.0,0.0,0.0,0.0,0.0,0.0,0.0,0.0,0.0,0.0
HL,Volcanic,World,W/m2,0.246391008,0.24641247,0.246419681,0.246422103,0.246422921,-0.116728684,-0.00449655,0.156275043,0.215874996,0.236149688,0.242971751,0.245263888,0.24603386,-0.890820615,-0.539512136,-0.035952273,0.150735204,0.214242681,-0.313290227,-0.136472271,0.108944764,0.199839903,0.230757125,0.241160054,0.24465531,0.245829436,0.246223838,0.246356319,0.246400822,0.246415767,0.246420787,0.24642247,0.246423033,0.24642323,-2.061152454,-1.349945154,-0.327106143,0.052072679,0.181061671,0.224464113,0.23904683,0.243945479,0.245590991,0.24614373,0.246329406,0.246391779,0.025182313,0.093560599,0.191504221,0.227813019,0.240164536,0.2443206,0.245716985,0.246186063,0.246343628,0.24639656,0.246414339,0.246420305,0.24642231,0.246422982,-3.283193242,-2.212218578,-0.636926828,-0.05291596,0.145753248,0.212601768,-6.455758865,-4.750234104,-1.560522125,-0.366210158,0.040375668,0.17719798,0.223169242,-0.015950444,0.06787124,0.182334458,0.224708275,0.239120505,0.243969848,0.245599162,0.246146478,0.246330334,-3.342833909,-2.313054017,-0.673192462,-0.065206248,-1.026814193,-0.596315695,-0.055536949,0.14413355,0.212024077,0.234866476,0.242541163,0.24511926,0.245985275,-0.05635035,0.037274126,0.171283188,0.220960817,0.237860086,0.243546385,0.245486068,0.245842523,0.238493171,0.246023229,0.246649362,-0.173711446,-0.038304603,0.146673648,0.213704274,0.236016686,0.243378201,0.118307571,0.094238356,-0.692119028,-0.362800983,0.038346464,0.178444668,0.224731875,0.239871784,0.244816072,0.246430369,0.24695602,0.240915657,0.133237095,0.240623896,0.24716233,0.219154276,0.228442966,0.24064642,0.242242154,0.194194887,0.192941428,0.243866965,-0.277218465,-1.847969088,-0.759684592,-0.157606255,-0.003385799,0.181086627,0.237916008,0.073533245,-0.0756282,-0.037344516,0.15071032,0.215774031,0.23668094,0.24263756,0.24415687,0.24440193,0.244287347,0.244069602,0.243847378,0.007888733,-0.700558872,-0.24577168,0.120776828,0.225678559,0.063444686,0.176417571,0.242036872,0.241792045,0.241543095,-0.340997887,-0.248960343,0.052521652,0.214513572,0.239832788,0.239961045,0.239685265,0.239403379,0.239117427,0.238827339,0.099849309,0.164137004,0.237932374,0.237625798,0.237315155,0.237000355,0.198287335,0.009617596,0.236031321,0.235700087,0.050137615,0.196934349,0.234681665,0.234333979,0.233982163,0.233626238,0.233266189,0.232902032,0.232533757,0.232161381,0.231784857,0.231404237,0.231019498,0.230630675,0.230237686,0.229840613,0.229439431,0.229034114,0.228624706,0.22821116,0.227793506,0.227371754,0.226945857,0.226515855,0.22608176,0.225643517,0.225201183,0.22475473,0.224304176,0.212716053,0.022043766,-0.866306042,-0.618902914,-0.298486612,0.155161022,-0.105414249,0.011417295,0.097829001,0.09369097,-0.043463734,0.072032361,0.202489417,0.070650438,-0.176655696,0.083381045,0.168028365,0.193015016,0.177572517,0.13238146,0.100339081,-0.245338392,-0.706958684,-0.24331905,0.020547461,0.018967176,0.096925853,0.15093587,0.18801116,0.183691019,-0.528611176,-1.741204478,-0.747536443,-0.040998913,0.132348997,0.195174714,0.215744422,0.217402831,0.220889653,0.221536499,0.216276086,0.22305988,0.206704845,0.21761975,0.191796861,0.176217444,0.163979474,0.179978803,0.151981081,0.185450929,0.146092467,0.183259497,0.206062498,0.188503835,0.156560245,0.176841346,0.202710817,0.182834024,0.127848141,0.085618687,0.14483103,0.040381023,0.040381023,0.035894243,0.031407462,0.026920682,0.022433902,0.017947121,0.013460341,0.008973561,0.00448678,0.0,0.0,0.0,0.0,0.0,0.0,0.0,0.0,0.0,0.0,0.0,0.0,0.0,0.0,0.0,0.0,0.0,0.0,0.0,0.0,0.0,0.0,0.0,0.0,0.0,0.0,0.0,0.0,0.0,0.0,0.0,0.0,0.0,0.0,0.0,0.0,0.0,0.0,0.0,0.0,0.0,0.0,0.0,0.0,0.0,0.0,0.0,0.0,0.0,0.0,0.0,0.0,0.0,0.0,0.0,0.0,0.0,0.0,0.0,0.0,0.0,0.0,0.0,0.0,0.0,0.0,0.0,0.0
L,Volcanic,World,W/m2,0.246391008,0.24641247,0.246419681,0.246422103,0.246422921,-0.116728684,-0.00449655,0.156275043,0.215874996,0.236149688,0.242971751,0.245263888,0.24603386,-0.890820615,-0.539512136,-0.035952273,0.150735204,0.214242681,-0.313290227,-0.136472271,0.108944764,0.199839903,0.230757125,0.241160054,0.24465531,0.245829436,0.246223838,0.246356319,0.246400822,0.246415767,0.246420787,0.24642247,0.246423033,0.24642323,-2.061152454,-1.349945154,-0.327106143,0.052072679,0.181061671,0.224464113,0.23904683,0.243945479,0.245590991,0.24614373,0.246329406,0.246391779,0.025182313,0.093560599,0.191504221,0.227813019,0.240164536,0.2443206,0.245716985,0.246186063,0.246343628,0.24639656,0.246414339,0.246420305,0.24642231,0.246422982,-3.283193242,-2.212218578,-0.636926828,-0.05291596,0.145753248,0.212601768,-6.455758865,-4.750234104,-1.560522125,-0.366210158,0.040375668,0.17719798,0.223169242,-0.015950444,0.06787124,0.182334458,0.224708275,0.239120505,0.243969848,0.245599162,0.246146478,0.246330334,-3.342833909,-2.313054017,-0.673192462,-0.065206248,-1.026814193,-0.596315695,-0.055536949,0.14413355,0.212024077,0.234866476,0.242541163,0.24511926,0.245985275,-0.05635035,0.037274126,0.171283188,0.220960817,0.237860086,0.243546385,0.245486068,0.245842523,0.238493171,0.246023229,0.246649362,-0.173711446,-0.038304603,0.146673648,0.213704274,0.236016686,0.243378201,0.118307571,0.094238356,-0.692119028,-0.362800983,0.038346464,0.178444668,0.224731875,0.239871784,0.244816072,0.246430369,0.24695602,0.240915657,0.133237095,0.240623896,0.24716233,0.219154276,0.228442966,0.24064642,0.242242154,0.194194887,0.192941428,0.243866965,-0.277218465,-1.847969088,-0.759684592,-0.157606255,-0.003385799,0.181086627,0.237916008,0.073533245,-0.0756282,-0.037344516,0.15071032,0.215774031,0.23668094,0.24263756,0.24415687,0.24440193,0.244287347,0.244069602,0.243847378,0.007888733,-0.700558872,-0.24577168,0.120776828,0.225678559,0.063444686,0.176417571,0.242036872,0.241792045,0.241543095,-0.340997887,-0.248960343,0.052521652,0.214513572,0.239832788,0.239961045,0.239685265,0.239403379,0.239117427,0.238827339,0.099849309,0.164137004,0.237932374,0.237625798,0.237315155,0.237000355,0.198287335,0.009617596,0.236031321,0.235700087,0.050137615,0.196934349,0.234681665,0.234333979,0.233982163,0.233626238,0.233266189,0.232902032,0.232533757,0.232161381,0.231784857,0.231404237,0.231019498,0.230630675,0.230237686,0.229840613,0.229439431,0.229034114,0.228624706,0.22821116,0.227793506,0.227371754,0.226945857,0.226515855,0.22608176,0.225643517,0.225201183,0.22475473,0.224304176,0.212716053,0.022043766,-0.866306042,-0.618902914,-0.298486612,0.155161022,-0.105414249,0.011417295,0.097829001,0.09369097,-0.043463734,0.072032361,0.202489417,0.070650438,-0.176655696,0.083381045,0.168028365,0.193015016,0.177572517,0.13238146,0.100339081,-0.245338392,-0.706958684,-0.24331905,0.020547461,0.018967176,0.096925853,0.15093587,0.18801116,0.183691019,-0.528611176,-1.741204478,-0.747536443,-0.040998913,0.132348997,0.195174714,0.215744422,0.217402831,0.220889653,0.221536499,0.216276086,0.22305988,0.206704845,0.21761975,0.191796861,0.176217444,0.163979474,0.179978803,0.151981081,0.185450929,0.146092467,0.183259497,0.206062498,0.188503835,0.156560245,0.176841346,0.202710817,0.182834024,0.127848141,0.085618687,0.14483103,0.040381023,0.040381023,0.035894243,0.031407462,0.026920682,0.022433902,0.017947121,0.013460341,0.008973561,0.00448678,0.0,0.0,0.0,0.0,0.0,0.0,0.0,0.0,0.0,0.0,0.0,0.0,0.0,0.0,0.0,0.0,0.0,0.0,0.0,0.0,0.0,0.0,0.0,0.0,0.0,0.0,0.0,0.0,0.0,0.0,0.0,0.0,0.0,0.0,0.0,0.0,0.0,0.0,0.0,0.0,0.0,0.0,0.0,0.0,0.0,0.0,0.0,0.0,0.0,0.0,0.0,0.0,0.0,0.0,0.0,0.0,0.0,0.0,0.0,0.0,0.0,0.0,0.0,0.0,0.0,0.0,0.0,0.0
LN,Volcanic,World,W/m2,0.246391008,0.24641247,0.246419681,0.246422103,0.246422921,-0.116728684,-0.00449655,0.156275043,0.215874996,0.236149688,0.242971751,0.245263888,0.24603386,-0.890820615,-0.539512136,-0.035952273,0.150735204,0.214242681,-0.313290227,-0.136472271,0.108944764,0.199839903,0.230757125,0.241160054,0.24465531,0.245829436,0.246223838,0.246356319,0.246400822,0.246415767,0.246420787,0.24642247,0.246423033,0.24642323,-2.061152454,-1.349945154,-0.327106143,0.052072679,0.181061671,0.224464113,0.23904683,0.243945479,0.245590991,0.24614373,0.246329406,0.246391779,0.025182313,0.093560599,0.191504221,0.227813019,0.240164536,0.2443206,0.245716985,0.246186063,0.246343628,0.24639656,0.246414339,0.246420305,0.24642231,0.246422982,-3.283193242,-2.212218578,-0.636926828,-0.05291596,0.145753248,0.212601768,-6.455758865,-4.750234104,-1.560522125,-0.366210158,0.040375668,0.17719798,0.223169242,-0.015950444,0.06787124,0.182334458,0.224708275,0.239120505,0.243969848,0.245599162,0.246146478,0.246330334,-3.342833909,-2.313054017,-0.673192462,-0.065206248,-1.026814193,-0.596315695,-0.055536949,0.14413355,0.212024077,0.234866476,0.242541163,0.24511926,0.245985275,-0.05635035,0.037274126,0.171283188,0.220960817,0.237860086,0.243546385,0.245486068,0.245842523,0.238493171,0.246023229,0.246649362,-0.173711446,-0.038304603,0.146673648,0.213704274,0.236016686,0.243378201,0.118307571,0.094238356,-0.692119028,-0.362800983,0.038346464,0.178444668,0.224731875,0.239871784,0.244816072,0.246430369,0.24695602,0.240915657,0.133237095,0.240623896,0.24716233,0.219154276,0.228442966,0.24064642,0.242242154,0.194194887,0.192941428,0.243866965,-0.277218465,-1.847969088,-0.759684592,-0.157606255,-0.003385799,0.181086627,0.237916008,0.073533245,-0.0756282,-0.037344516,0.15071032,0.215774031,0.23668094,0.24263756,0.24415687,0.24440193,0.244287347,0.244069602,0.243847378,0.007888733,-0.700558872,-0.24577168,0.120776828,0.225678559,0.063444686,0.176417571,0.242036872,0.241792045,0.241543095,-0.340997887,-0.248960343,0.052521652,0.214513572,0.239832788,0.239961045,0.239685265,0.239403379,0.239117427,0.238827339,0.099849309,0.164137004,0.237932374,0.237625798,0.237315155,0.237000355,0.198287335,0.009617596,0.236031321,0.235700087,0.050137615,0.196934349,0.234681665,0.234333979,0.233982163,0.233626238,0.233266189,0.232902032,0.232533757,0.232161381,0.231784857,0.231404237,0.231019498,0.230630675,0.230237686,0.229840613,0.229439431,0.229034114,0.228624706,0.22821116,0.227793506,0.227371754,0.226945857,0.226515855,0.22608176,0.225643517,0.225201183,0.22475473,0.224304176,0.212716053,0.022043766,-0.866306042,-0.618902914,-0.298486612,0.155161022,-0.105414249,0.011417295,0.097829001,0.09369097,-0.043463734,0.072032361,0.202489417,0.070650438,-0.176655696,0.083381045,0.168028365,0.193015016,0.177572517,0.13238146,0.100339081,-0.245338392,-0.706958684,-0.24331905,0.020547461,0.018967176,0.096925853,0.15093587,0.18801116,0.183691019,-0.528611176,-1.741204478,-0.747536443,-0.040998913,0.132348997,0.195174714,0.215744422,0.217402831,0.220889653,0.221536499,0.216276086,0.22305988,0.206704845,0.21761975,0.191796861,0.176217444,0.163979474,0.179978803,0.151981081,0.185450929,0.146092467,0.183259497,0.206062498,0.188503835,0.156560245,0.176841346,0.202710817,0.182834024,0.127848141,0.085618687,0.14483103,0.040381023,0.040381023,0.035894243,0.031407462,0.026920682,0.022433902,0.017947121,0.013460341,0.008973561,0.00448678,0.0,0.0,0.0,0.0,0.0,0.0,0.0,0.0,0.0,0.0,0.0,0.0,0.0,0.0,0.0,0.0,0.0,0.0,0.0,0.0,0.0,0.0,0.0,0.0,0.0,0.0,0.0,0.0,0.0,0.0,0.0,0.0,0.0,0.0,0.0,0.0,0.0,0.0,0.0,0.0,0.0,0.0,0.0,0.0,0.0,0.0,0.0,0.0,0.0,0.0,0.0,0.0,0.0,0.0,0.0,0.0,0.0,0.0,0.0,0.0,0.0,0.0,0.0,0.0,0.0,0.0,0.0,0.0
M,Volcanic,World,W/m2,0.246391008,0.24641247,0.246419681,0.246422103,0.246422921,-0.116728684,-0.00449655,0.156275043,0.215874996,0.236149688,0.242971751,0.245263888,0.24603386,-0.890820615,-0.539512136,-0.035952273,0.150735204,0.214242681,-0.313290227,-0.136472271,0.108944764,0.199839903,0.230757125,0.241160054,0.24465531,0.245829436,0.246223838,0.246356319,0.246400822,0.246415767,0.246420787,0.24642247,0.246423033,0.24642323,-2.061152454,-1.349945154,-0.327106143,0.052072679,0.181061671,0.224464113,0.23904683,0.243945479,0.245590991,0.24614373,0.246329406,0.246391779,0.025182313,0.093560599,0.191504221,0.227813019,0.240164536,0.2443206,0.245716985,0.246186063,0.246343628,0.24639656,0.246414339,0.246420305,0.24642231,0.246422982,-3.283193242,-2.212218578,-0.636926828,-0.05291596,0.145753248,0.212601768,-6.455758865,-4.750234104,-1.560522125,-0.366210158,0.040375668,0.17719798,0.223169242,-0.015950444,0.06787124,0.182334458,0.224708275,0.239120505,0.243969848,0.245599162,0.246146478,0.246330334,-3.342833909,-2.313054017,-0.673192462,-0.065206248,-1.026814193,-0.596315695,-0.055536949,0.14413355,0.212024077,0.234866476,0.242541163,0.24511926,0.245985275,-0.05635035,0.037274126,0.171283188,0.220960817,0.237860086,0.243546385,0.245486068,0.245842523,0.238493171,0.246023229,0.246649362,-0.173711446,-0.038304603,0.146673648,0.213704274,0.236016686,0.243378201,0.118307571,0.094238356,-0.692119028,-0.362800983,0.038346464,0.178444668,0.224731875,0.239871784,0.244816072,0.246430369,0.24695602,0.240915657,0.133237095,0.240623896,0.24716233,0.219154276,0.228442966,0.24064642,0.242242154,0.194194887,0.192941428,0.243866965,-0.277218465,-1.847969088,-0.759684592,-0.157606255,-0.003385799,0.181086627,0.237916008,0.073533245,-0.0756282,-0.037344516,0.15071032,0.215774031,0.23668094,0.24263756,0.24415687,0.24440193,0.244287347,0.244069602,0.243847378,0.007888733,-0.700558872,-0.24577168,0.120776828,0.225678559,0.063444686,0.176417571,0.242036872,0.241792045,0.241543095,-0.340997887,-0.248960343,0.052521652,0.214513572,0.239832788,0.239961045,0.239685265,0.239403379,0.239117427,0.238827339,0.099849309,0.164137004,0.237932374,0.237625798,0.237315155,0.237000355,0.198287335,0.009617596,0.236031321,0.235700087,0.050137615,0.196934349,0.234681665,0.234333979,0.233982163,0.233626238,0.233266189,0.232902032,0.232533757,0.232161381,0.231784857,0.231404237,0.231019498,0.230630675,0.230237686,0.229840613,0.229439431,0.229034114,0.228624706,0.22821116,0.227793506,0.227371754,0.226945857,0.226515855,0.22608176,0.225643517,0.225201183,0.22475473,0.224304176,0.212716053,0.022043766,-0.866306042,-0.618902914,-0.298486612,0.155161022,-0.105414249,0.011417295,0.097829001,0.09369097,-0.043463734,0.072032361,0.202489417,0.070650438,-0.176655696,0.083381045,0.168028365,0.193015016,0.177572517,0.13238146,0.100339081,-0.245338392,-0.706958684,-0.24331905,0.020547461,0.018967176,0.096925853,0.15093587,0.18801116,0.183691019,-0.528611176,-1.741204478,-0.747536443,-0.040998913,0.132348997,0.195174714,0.215744422,0.217402831,0.220889653,0.221536499,0.216276086,0.22305988,0.206704845,0.21761975,0.191796861,0.176217444,0.163979474,0.179978803,0.151981081,0.185450929,0.146092467,0.183259497,0.206062498,0.188503835,0.156560245,0.176841346,0.202710817,0.182834024,0.127848141,0.085618687,0.14483103,0.040381023,0.040381023,0.035894243,0.031407462,0.026920682,0.022433902,0.017947121,0.013460341,0.008973561,0.00448678,0.0,0.0,0.0,0.0,0.0,0.0,0.0,0.0,0.0,0.0,0.0,0.0,0.0,0.0,0.0,0.0,0.0,0.0,0.0,0.0,0.0,0.0,0.0,0.0,0.0,0.0,0.0,0.0,0.0,0.0,0.0,0.0,0.0,0.0,0.0,0.0,0.0,0.0,0.0,0.0,0.0,0.0,0.0,0.0,0.0,0.0,0.0,0.0,0.0,0.0,0.0,0.0,0.0,0.0,0.0,0.0,0.0,0.0,0.0,0.0,0.0,0.0,0.0,0.0,0.0,0.0,0.0,0.0
ML,Volcanic,World,W/m2,0.246391008,0.24641247,0.246419681,0.246422103,0.246422921,-0.116728684,-0.00449655,0.156275043,0.215874996,0.236149688,0.242971751,0.245263888,0.24603386,-0.890820615,-0.539512136,-0.035952273,0.150735204,0.214242681,-0.313290227,-0.136472271,0.108944764,0.199839903,0.230757125,0.241160054,0.24465531,0.245829436,0.246223838,0.246356319,0.246400822,0.246415767,0.246420787,0.24642247,0.246423033,0.24642323,-2.061152454,-1.349945154,-0.327106143,0.052072679,0.181061671,0.224464113,0.23904683,0.243945479,0.245590991,0.24614373,0.246329406,0.246391779,0.025182313,0.093560599,0.191504221,0.227813019,0.240164536,0.2443206,0.245716985,0.246186063,0.246343628,0.24639656,0.246414339,0.246420305,0.24642231,0.246422982,-3.283193242,-2.212218578,-0.636926828,-0.05291596,0.145753248,0.212601768,-6.455758865,-4.750234104,-1.560522125,-0.366210158,0.040375668,0.17719798,0.223169242,-0.015950444,0.06787124,0.182334458,0.224708275,0.239120505,0.243969848,0.245599162,0.246146478,0.246330334,-3.342833909,-2.313054017,-0.673192462,-0.065206248,-1.026814193,-0.596315695,-0.055536949,0.14413355,0.212024077,0.234866476,0.242541163,0.24511926,0.245985275,-0.05635035,0.037274126,0.171283188,0.220960817,0.237860086,0.243546385,0.245486068,0.245842523,0.238493171,0.246023229,0.246649362,-0.173711446,-0.038304603,0.146673648,0.213704274,0.236016686,0.243378201,0.118307571,0.094238356,-0.692119028,-0.362800983,0.038346464,0.178444668,0.224731875,0.239871784,0.244816072,0.246430369,0.24695602,0.240915657,0.133237095,0.240623896,0.24716233,0.219154276,0.228442966,0.24064642,0.242242154,0.194194887,0.192941428,0.243866965,-0.277218465,-1.847969088,-0.759684592,-0.157606255,-0.003385799,0.181086627,0.237916008,0.073533245,-0.0756282,-0.037344516,0.15071032,0.215774031,0.23668094,0.24263756,0.24415687,0.24440193,0.244287347,0.244069602,0.243847378,0.007888733,-0.700558872,-0.24577168,0.120776828,0.225678559,0.063444686,0.176417571,0.242036872,0.241792045,0.241543095,-0.340997887,-0.248960343,0.052521652,0.214513572,0.239832788,0.239961045,0.239685265,0.239403379,0.239117427,0.238827339,0.099849309,0.164137004,0.237932374,0.237625798,0.237315155,0.237000355,0.198287335,0.009617596,0.236031321,0.235700087,0.050137615,0.196934349,0.234681665,0.234333979,0.233982163,0.233626238,0.233266189,0.232902032,0.232533757,0.232161381,0.231784857,0.231404237,0.231019498,0.230630675,0.230237686,0.229840613,0.229439431,0.229034114,0.228624706,0.22821116,0.227793506,0.227371754,0.226945857,0.226515855,0.22608176,0.225643517,0.225201183,0.22475473,0.224304176,0.212716053,0.022043766,-0.866306042,-0.618902914,-0.298486612,0.155161022,-0.105414249,0.011417295,0.097829001,0.09369097,-0.043463734,0.072032361,0.202489417,0.070650438,-0.176655696,0.083381045,0.168028365,0.193015016,0.177572517,0.13238146,0.100339081,-0.245338392,-0.706958684,-0.24331905,0.020547461,0.018967176,0.096925853,0.15093587,0.18801116,0.183691019,-0.528611176,-1.741204478,-0.747536443,-0.040998913,0.132348997,0.195174714,0.215744422,0.217402831,0.220889653,0.221536499,0.216276086,0.22305988,0.206704845,0.21761975,0.191796861,0.176217444,0.163979474,0.179978803,0.151981081,0.185450929,0.146092467,0.183259497,0.206062498,0.188503835,0.156560245,0.176841346,0.202710817,0.182834024,0.127848141,0.085618687,0.14483103,0.040381023,0.040381023,0.035894243,0.031407462,0.026920682,0.022433902,0.017947121,0.013460341,0.008973561,0.00448678,0.0,0.0,0.0,0.0,0.0,0.0,0.0,0.0,0.0,0.0,0.0,0.0,0.0,0.0,0.0,0.0,0.0,0.0,0.0,0.0,0.0,0.0,0.0,0.0,0.0,0.0,0.0,0.0,0.0,0.0,0.0,0.0,0.0,0.0,0.0,0.0,0.0,0.0,0.0,0.0,0.0,0.0,0.0,0.0,0.0,0.0,0.0,0.0,0.0,0.0,0.0,0.0,0.0,0.0,0.0,0.0,0.0,0.0,0.0,0.0,0.0,0.0,0.0,0.0,0.0,0.0,0.0,0.0
VL,Volcanic,World,W/m2,0.246391008,0.24641247,0.246419681,0.246422103,0.246422921,-0.116728684,-0.00449655,0.156275043,0.215874996,0.236149688,0.242971751,0.245263888,0.24603386,-0.890820615,-0.539512136,-0.035952273,0.150735204,0.214242681,-0.313290227,-0.136472271,0.108944764,0.199839903,0.230757125,0.241160054,0.24465531,0.245829436,0.246223838,0.246356319,0.246400822,0.246415767,0.246420787,0.24642247,0.246423033,0.24642323,-2.061152454,-1.349945154,-0.327106143,0.052072679,0.181061671,0.224464113,0.23904683,0.243945479,0.245590991,0.24614373,0.246329406,0.246391779,0.025182313,0.093560599,0.191504221,0.227813019,0.240164536,0.2443206,0.245716985,0.246186063,0.246343628,0.24639656,0.246414339,0.246420305,0.24642231,0.246422982,-3.283193242,-2.212218578,-0.636926828,-0.05291596,0.145753248,0.212601768,-6.455758865,-4.750234104,-1.560522125,-0.366210158,0.040375668,0.17719798,0.223169242,-0.015950444,0.06787124,0.182334458,0.224708275,0.239120505,0.243969848,0.245599162,0.246146478,0.246330334,-3.342833909,-2.313054017,-0.673192462,-0.065206248,-1.026814193,-0.596315695,-0.055536949,0.14413355,0.212024077,0.234866476,0.242541163,0.24511926,0.245985275,-0.05635035,0.037274126,0.171283188,0.220960817,0.237860086,0.243546385,0.245486068,0.245842523,0.238493171,0.246023229,0.246649362,-0.173711446,-0.038304603,0.146673648,0.213704274,0.236016686,0.243378201,0.118307571,0.094238356,-0.692119028,-0.362800983,0.038346464,0.178444668,0.224731875,0.239871784,0.244816072,0.246430369,0.24695602,0.240915657,0.133237095,0.240623896,0.24716233,0.219154276,0.228442966,0.24064642,0.242242154,0.194194887,0.192941428,0.243866965,-0.277218465,-1.847969088,-0.759684592,-0.157606255,-0.003385799,0.181086627,0.237916008,0.073533245,-0.0756282,-0.037344516,0.15071032,0.215774031,0.23668094,0.24263756,0.24415687,0.24440193,0.244287347,0.244069602,0.243847378,0.007888733,-0.700558872,-0.24577168,0.120776828,0.225678559,0.063444686,0.176417571,0.242036872,0.241792045,0.241543095,-0.340997887,-0.248960343,0.052521652,0.214513572,0.239832788,0.239961045,0.239685265,0.239403379,0.239117427,0.238827339,0.099849309,0.164137004,0.237932374,0.237625798,0.237315155,0.237000355,0.198287335,0.009617596,0.236031321,0.235700087,0.050137615,0.196934349,0.234681665,0.234333979,0.233982163,0.233626238,0.233266189,0.232902032,0.232533757,0.232161381,0.231784857,0.231404237,0.231019498,0.230630675,0.230237686,0.229840613,0.229439431,0.229034114,0.228624706,0.22821116,0.227793506,0.227371754,0.226945857,0.226515855,0.22608176,0.225643517,0.225201183,0.22475473,0.224304176,0.212716053,0.022043766,-0.866306042,-0.618902914,-0.298486612,0.155161022,-0.105414249,0.011417295,0.097829001,0.09369097,-0.043463734,0.072032361,0.202489417,0.070650438,-0.176655696,0.083381045,0.168028365,0.193015016,0.177572517,0.13238146,0.100339081,-0.245338392,-0.706958684,-0.24331905,0.020547461,0.018967176,0.096925853,0.15093587,0.18801116,0.183691019,-0.528611176,-1.741204478,-0.747536443,-0.040998913,0.132348997,0.195174714,0.215744422,0.217402831,0.220889653,0.221536499,0.216276086,0.22305988,0.206704845,0.21761975,0.191796861,0.176217444,0.163979474,0.179978803,0.151981081,0.185450929,0.146092467,0.183259497,0.206062498,0.188503835,0.156560245,0.176841346,0.202710817,0.182834024,0.127848141,0.085618687,0.14483103,0.040381023,0.040381023,0.035894243,0.031407462,0.026920682,0.022433902,0.017947121,0.013460341,0.008973561,0.00448678,0.0,0.0,0.0,0.0,0.0,0.0,0.0,0.0,0.0,0.0,0.0,0.0,0.0,0.0,0.0,0.0,0.0,0.0,0.0,0.0,0.0,0.0,0.0,0.0,0.0,0.0,0.0,0.0,0.0,0.0,0.0,0.0,0.0,0.0,0.0,0.0,0.0,0.0,0.0,0.0,0.0,0.0,0.0,0.0,0.0,0.0,0.0,0.0,0.0,0.0,0.0,0.0,0.0,0.0,0.0,0.0,0.0,0.0,0.0,0.0,0.0,0.0,0.0,0.0,0.0,0.0,0.0,0.0
VL,Land use,World,W/m2,0.0,0.0,-0.000180701,-0.000361403,-0.000542136,-0.000722841,-0.000903569,-0.001084262,-0.001264968,-0.001445698,-0.001626401,-0.001814885,-0.002011142,-0.002207415,-0.002403669,-0.002599921,-0.002796178,-0.002992441,-0.003188688,-0.003384955,-0.003581218,-0.003798265,-0.004036171,-0.004274054,-0.004511934,-0.004749824,-0.004987681,-0.005225579,-0.005463446,-0.005701346,-0.005939237,-0.006166997,-0.006384666,-0.006602337,-0.00681999,-0.007037663,-0.007255339,-0.007472994,-0.007690667,-0.007908321,-0.008125991,-0.008371101,-0.008643622,-0.008916137,-0.009188655,-0.009461156,-0.009733692,-0.010006222,-0.010278745,-0.010551266,-0.010823791,-0.011158936,-0.011556722,-0.011954508,-0.012352281,-0.012750063,-0.013147841,-0.013545622,-0.013943387,-0.014341171,-0.014738952,-0.015154255,-0.015587032,-0.016019842,-0.01645266,-0.016885469,-0.017318268,-0.017751056,-0.018183862,-0.018616671,-0.019049461,-0.019532,-0.020064285,-0.020596546,-0.021128808,-0.021661085,-0.022193351,-0.022725622,-0.023257894,-0.023790143,-0.024322414,-0.024966535,-0.025722475,-0.026478403,-0.027234351,-0.027990273,-0.028746219,-0.029502146,-0.03025808,-0.031014026,-0.031769968,-0.032498068,-0.03319831,-0.033898571,-0.034598825,-0.035299073,-0.035999329,-0.036699597,-0.037399851,-0.03810011,-0.038800384,-0.039828509,-0.041184577,-0.04254062,-0.043896676,-0.045252727,-0.046608785,-0.047964834,-0.049320883,-0.050676943,-0.052032987,-0.053115933,-0.053925751,-0.054735543,-0.055545339,-0.056355157,-0.057164971,-0.057974775,-0.058784588,-0.059594403,-0.060404201,-0.061801967,-0.063787677,-0.065773387,-0.067759113,-0.069744837,-0.071730561,-0.073716297,-0.075702019,-0.07768772,-0.079673436,-0.08136195,-0.082753234,-0.084144507,-0.085535807,-0.086927098,-0.088318372,-0.089709669,-0.091100952,-0.092492254,-0.093883537,-0.095255343,-0.096607719,-0.097960093,-0.099312463,-0.100664819,-0.102017176,-0.10336953,-0.104721882,-0.106074269,-0.107426627,-0.109053068,-0.110953609,-0.112854193,-0.114754733,-0.11665526,-0.118555823,-0.120456354,-0.122356896,-0.12425743,-0.126157975,-0.127375718,-0.127910632,-0.128445563,-0.128980489,-0.129515399,-0.13005034,-0.130585261,-0.131120166,-0.131655095,-0.132190027,-0.133024104,-0.13415735,-0.135290577,-0.136423816,-0.137557051,-0.138690292,-0.139823527,-0.140956743,-0.142089994,-0.143223207,-0.144276842,-0.14525091,-0.146224989,-0.147199046,-0.148173095,-0.149147142,-0.150121196,-0.15109525,-0.152069326,-0.15304339,-0.153125757,-0.152316497,-0.151507249,-0.150698005,-0.149888734,-0.149079456,-0.1482702,-0.147460936,-0.146651684,-0.145842421,-0.145977921,-0.147193309,-0.148384114,-0.149399223,-0.150532773,-0.151717989,-0.152707358,-0.153563768,-0.153775373,-0.153310815,-0.153006637,-0.153031982,-0.153668558,-0.15437098,-0.154648037,-0.154996957,-0.155090037,-0.156258851,-0.158942159,-0.160905359,-0.161983167,-0.162344545,-0.162383113,-0.163101141,-0.163701549,-0.163788523,-0.163879932,-0.16487815,-0.166229984,-0.166554215,-0.166998154,-0.167626648,-0.168023676,-0.168759813,-0.169312364,-0.169531851,-0.169655756,-0.16989273,-0.170116633,-0.169801537,-0.16939483,-0.168363808,-0.16696114,-0.166358526,-0.165720638,-0.164791695,-0.164518165,-0.164721938,-0.1646998,-0.16483295,-0.164840898,-0.163792116,-0.162020011,-0.160599602,-0.159990711,-0.159456474,-0.158025677,-0.15652862,-0.155666282,-0.154810341,-0.153609635,-0.15210211,-0.150977944,-0.151084483,-0.15103487,-0.150541695,-0.150591224,-0.150509175,-0.150244589,-0.15,-0.149984191,-0.150167765,-0.150234546,-0.150267067,-0.150541037,-0.151037773,-0.151491905,-0.151903365,-0.152272086,-0.152597999,-0.152881036,-0.153101167,-0.153258293,-0.153352313,-0.153383129,-0.153350641,-0.153264496,-0.153124609,-0.152930896,-0.152683273,-0.152381656,-0.152052562,-0.151695949,-0.151311774,-0.150899994,-0.150460567,-0.150004446,-0.149531607,-0.149042023,-0.14853567,-0.148012521,-0.147488489,-0.146963572,-0.146437772,-0.145911087,-0.145383518,-0.1448606,-0.144342331,-0.143828713,-0.143319745,-0.142815427,-0.142305182,-0.141789009,-0.141266909,-0.140738881,-0.140204926,-0.139665044,-0.139119235,-0.138567498,-0.138009834,-0.137446242,-0.136872995,-0.136290093,-0.135697535,-0.135095322,-0.134483453,-0.133861929,-0.133230749,-0.132589914,-0.131939423,-0.131279277,-0.130612824,-0.129940064,-0.129260997,-0.128575622,-0.12788394,-0.127185952,-0.126481656,-0.125771053,-0.125054142,-0.124330925,-0.123604098,-0.122873661,-0.122139614,-0.121401958,-0.120660691,-0.119915815,-0.119167329,-0.118415233,-0.117659528
LN,Land use,World,W/m2,0.0,0.0,-0.000180701,-0.000361403,-0.000542136,-0.000722841,-0.000903569,-0.001084262,-0.001264968,-0.001445698,-0.001626401,-0.001814885,-0.002011142,-0.002207415,-0.002403669,-0.002599921,-0.002796178,-0.002992441,-0.003188688,-0.003384955,-0.003581218,-0.003798265,-0.004036171,-0.004274054,-0.004511934,-0.004749824,-0.004987681,-0.005225579,-0.005463446,-0.005701346,-0.005939237,-0.006166997,-0.006384666,-0.006602337,-0.00681999,-0.007037663,-0.007255339,-0.007472994,-0.007690667,-0.007908321,-0.008125991,-0.008371101,-0.008643622,-0.008916137,-0.009188655,-0.009461156,-0.009733692,-0.010006222,-0.010278745,-0.010551266,-0.010823791,-0.011158936,-0.011556722,-0.011954508,-0.012352281,-0.012750063,-0.013147841,-0.013545622,-0.013943387,-0.014341171,-0.014738952,-0.015154255,-0.015587032,-0.016019842,-0.01645266,-0.016885469,-0.017318268,-0.017751056,-0.018183862,-0.018616671,-0.019049461,-0.019532,-0.020064285,-0.020596546,-0.021128808,-0.021661085,-0.022193351,-0.022725622,-0.023257894,-0.023790143,-0.024322414,-0.024966535,-0.025722475,-0.026478403,-0.027234351,-0.027990273,-0.028746219,-0.029502146,-0.03025808,-0.031014026,-0.031769968,-0.032498068,-0.03319831,-0.033898571,-0.034598825,-0.035299073,-0.035999329,-0.036699597,-0.037399851,-0.03810011,-0.038800384,-0.039828509,-0.041184577,-0.04254062,-0.043896676,-0.045252727,-0.046608785,-0.047964834,-0.049320883,-0.050676943,-0.052032987,-0.053115933,-0.053925751,-0.054735543,-0.055545339,-0.056355157,-0.057164971,-0.057974775,-0.058784588,-0.059594403,-0.060404201,-0.061801967,-0.063787677,-0.065773387,-0.067759113,-0.069744837,-0.071730561,-0.073716297,-0.075702019,-0.07768772,-0.079673436,-0.08136195,-0.082753234,-0.084144507,-0.085535807,-0.086927098,-0.088318372,-0.089709669,-0.091100952,-0.092492254,-0.093883537,-0.095255343,-0.096607719,-0.097960093,-0.099312463,-0.100664819,-0.102017176,-0.10336953,-0.104721882,-0.106074269,-0.107426627,-0.109053068,-0.110953609,-0.112854193,-0.114754733,-0.11665526,-0.118555823,-0.120456354,-0.122356896,-0.12425743,-0.126157975,-0.127375718,-0.127910632,-0.128445563,-0.128980489,-0.129515399,-0.13005034,-0.130585261,-0.131120166,-0.131655095,-0.132190027,-0.133024104,-0.13415735,-0.135290577,-0.136423816,-0.137557051,-0.138690292,-0.139823527,-0.140956743,-0.142089994,-0.143223207,-0.144276842,-0.14525091,-0.146224989,-0.147199046,-0.148173095,-0.149147142,-0.150121196,-0.15109525,-0.152069326,-0.15304339,-0.153125757,-0.152316497,-0.151507249,-0.150698005,-0.149888734,-0.149079456,-0.1482702,-0.147460936,-0.146651684,-0.145842421,-0.145977921,-0.147193309,-0.148384114,-0.149399223,-0.150532773,-0.151717989,-0.152707358,-0.153563768,-0.153775373,-0.153310815,-0.153006637,-0.153031982,-0.153668558,-0.15437098,-0.154648037,-0.154996957,-0.155090037,-0.156258851,-0.158942159,-0.160905359,-0.161983167,-0.162344545,-0.162383113,-0.163101141,-0.163701549,-0.163788523,-0.163879932,-0.16487815,-0.166229984,-0.166554215,-0.166998154,-0.167626648,-0.168023676,-0.168759813,-0.169312364,-0.169531851,-0.169655756,-0.16989273,-0.170116633,-0.169801537,-0.16939483,-0.168363808,-0.16696114,-0.166358526,-0.165720638,-0.164791695,-0.164518165,-0.164721938,-0.1646998,-0.16483295,-0.164840898,-0.163792116,-0.162020011,-0.160599602,-0.159990711,-0.159456474,-0.158025677,-0.15652862,-0.155666282,-0.154810341,-0.153609635,-0.15210211,-0.150977944,-0.151084483,-0.15103487,-0.150541695,-0.150591224,-0.150509175,-0.150244589,-0.15,-0.149984191,-0.150167765,-0.150234546,-0.150267067,-0.150576461,-0.151144114,-0.151667814,-0.152147559,-0.15258335,-0.152975188,-0.153323071,-0.153654547,-0.153969618,-0.154268282,-0.15455054,-0.154816392,-0.155065208,-0.155296989,-0.155511735,-0.155709445,-0.15589012,-0.156052772,-0.1561974,-0.156324005,-0.156432587,-0.156523146,-0.156595301,-0.156649053,-0.156684402,-0.156701348,-0.15669989,-0.156700088,-0.156701942,-0.156705451,-0.156710616,-0.156717436,-0.156724817,-0.156732757,-0.156741257,-0.156750316,-0.156759936,-0.15675457,-0.156734219,-0.156698883,-0.156648562,-0.156583255,-0.156498775,-0.156395121,-0.156272292,-0.15613029,-0.155969114,-0.155789278,-0.155590781,-0.155373624,-0.155137807,-0.154883329,-0.15463058,-0.154379562,-0.154130273,-0.153882714,-0.153636885,-0.153387678,-0.153135092,-0.152879128,-0.152619786,-0.152357066,-0.152091344,-0.151822621,-0.151550896,-0.15127617,-0.150998443,-0.150720146,-0.150441278,-0.150161841,-0.149881834,-0.149601257,-0.149320237,-0.149038775,-0.148756871,-0.148474523
L,Land use,World,W/m2,0.0,0.0,-0.000180701,-0.000361403,-0.000542136,-0.000722841,-0.000903569,-0.001084262,-0.001264968,-0.001445698,-0.001626401,-0.001814885,-0.002011142,-0.002207415,-0.002403669,-0.002599921,-0.002796178,-0.002992441,-0.003188688,-0.003384955,-0.003581218,-0.003798265,-0.004036171,-0.004274054,-0.004511934,-0.004749824,-0.004987681,-0.005225579,-0.005463446,-0.005701346,-0.005939237,-0.006166997,-0.006384666,-0.006602337,-0.00681999,-0.007037663,-0.007255339,-0.007472994,-0.007690667,-0.007908321,-0.008125991,-0.008371101,-0.008643622,-0.008916137,-0.009188655,-0.009461156,-0.009733692,-0.010006222,-0.010278745,-0.010551266,-0.010823791,-0.011158936,-0.011556722,-0.011954508,-0.012352281,-0.012750063,-0.013147841,-0.013545622,-0.013943387,-0.014341171,-0.014738952,-0.015154255,-0.015587032,-0.016019842,-0.01645266,-0.016885469,-0.017318268,-0.017751056,-0.018183862,-0.018616671,-0.019049461,-0.019532,-0.020064285,-0.020596546,-0.021128808,-0.021661085,-0.022193351,-0.022725622,-0.023257894,-0.023790143,-0.024322414,-0.024966535,-0.025722475,-0.026478403,-0.027234351,-0.027990273,-0.028746219,-0.029502146,-0.03025808,-0.031014026,-0.031769968,-0.032498068,-0.03319831,-0.033898571,-0.034598825,-0.035299073,-0.035999329,-0.036699597,-0.037399851,-0.03810011,-0.038800384,-0.039828509,-0.041184577,-0.04254062,-0.043896676,-0.045252727,-0.046608785,-0.047964834,-0.049320883,-0.050676943,-0.052032987,-0.053115933,-0.053925751,-0.054735543,-0.055545339,-0.056355157,-0.057164971,-0.057974775,-0.058784588,-0.059594403,-0.060404201,-0.061801967,-0.063787677,-0.065773387,-0.067759113,-0.069744837,-0.071730561,-0.073716297,-0.075702019,-0.07768772,-0.079673436,-0.08136195,-0.082753234,-0.084144507,-0.085535807,-0.086927098,-0.088318372,-0.089709669,-0.091100952,-0.092492254,-0.093883537,-0.095255343,-0.096607719,-0.097960093,-0.099312463,-0.100664819,-0.102017176,-0.10336953,-0.104721882,-0.106074269,-0.107426627,-0.109053068,-0.110953609,-0.112854193,-0.114754733,-0.11665526,-0.118555823,-0.120456354,-0.122356896,-0.12425743,-0.126157975,-0.127375718,-0.127910632,-0.128445563,-0.128980489,-0.129515399,-0.13005034,-0.130585261,-0.131120166,-0.131655095,-0.132190027,-0.133024104,-0.13415735,-0.135290577,-0.136423816,-0.137557051,-0.138690292,-0.139823527,-0.140956743,-0.142089994,-0.143223207,-0.144276842,-0.14525091,-0.146224989,-0.147199046,-0.148173095,-0.149147142,-0.150121196,-0.15109525,-0.152069326,-0.15304339,-0.153125757,-0.152316497,-0.151507249,-0.150698005,-0.149888734,-0.149079456,-0.1482702,-0.147460936,-0.146651684,-0.145842421,-0.145977921,-0.147193309,-0.148384114,-0.149399223,-0.150532773,-0.151717989,-0.152707358,-0.153563768,-0.153775373,-0.153310815,-0.153006637,-0.153031982,-0.153668558,-0.15437098,-0.154648037,-0.154996957,-0.155090037,-0.156258851,-0.158942159,-0.160905359,-0.161983167,-0.162344545,-0.162383113,-0.163101141,-0.163701549,-0.163788523,-0.163879932,-0.16487815,-0.166229984,-0.166554215,-0.166998154,-0.167626648,-0.168023676,-0.168759813,-0.169312364,-0.169531851,-0.169655756,-0.16989273,-0.170116633,-0.169801537,-0.16939483,-0.168363808,-0.16696114,-0.166358526,-0.165720638,-0.164791695,-0.164518165,-0.164721938,-0.1646998,-0.16483295,-0.164840898,-0.163792116,-0.162020011,-0.160599602,-0.159990711,-0.159456474,-0.158025677,-0.15652862,-0.155666282,-0.154810341,-0.153609635,-0.15210211,-0.150977944,-0.151084483,-0.15103487,-0.150541695,-0.150591224,-0.150509175,-0.150244589,-0.15,-0.149984191,-0.150167765,-0.150234546,-0.150267067,-0.150575498,-0.151141227,-0.151609337,-0.151979828,-0.152252699,-0.152427951,-0.152505584,-0.152539805,-0.152530615,-0.152478013,-0.152381999,-0.152242574,-0.152059737,-0.151833488,-0.151563828,-0.151250756,-0.150894272,-0.150501169,-0.150071448,-0.149605107,-0.149102147,-0.148562568,-0.14798637,-0.147373554,-0.146724118,-0.146038063,-0.145315389,-0.144577424,-0.143824169,-0.143055623,-0.142271787,-0.14147266,-0.140658243,-0.139828535,-0.138983536,-0.138123247,-0.137247667,-0.136366567,-0.135479945,-0.134587802,-0.133690138,-0.132786953,-0.131878247,-0.130964019,-0.130044271,-0.129119001,-0.12818821,-0.127252996,-0.126313359,-0.125369298,-0.124420813,-0.123467905,-0.122510574,-0.121548819,-0.120582641,-0.11961204,-0.118637015,-0.117662461,-0.116688379,-0.115714769,-0.11474163,-0.113768963,-0.112796767,-0.111825043,-0.11085379,-0.109883009,-0.1089127,-0.107947991,-0.106988883,-0.106035376,-0.105087469,-0.104145163,-0.103208458,-0.102277354,-0.10135185,-0.100431947
ML,Land use,World,W/m2,0.0,0.0,-0.000180701,-0.000361403,-0.000542136,-0.000722841,-0.000903569,-0.001084262,-0.001264968,-0.001445698,-0.001626401,-0.001814885,-0.002011142,-0.002207415,-0.002403669,-0.002599921,-0.002796178,-0.002992441,-0.003188688,-0.003384955,-0.003581218,-0.003798265,-0.004036171,-0.004274054,-0.004511934,-0.004749824,-0.004987681,-0.005225579,-0.005463446,-0.005701346,-0.005939237,-0.006166997,-0.006384666,-0.006602337,-0.00681999,-0.007037663,-0.007255339,-0.007472994,-0.007690667,-0.007908321,-0.008125991,-0.008371101,-0.008643622,-0.008916137,-0.009188655,-0.009461156,-0.009733692,-0.010006222,-0.010278745,-0.010551266,-0.010823791,-0.011158936,-0.011556722,-0.011954508,-0.012352281,-0.012750063,-0.013147841,-0.013545622,-0.013943387,-0.014341171,-0.014738952,-0.015154255,-0.015587032,-0.016019842,-0.01645266,-0.016885469,-0.017318268,-0.017751056,-0.018183862,-0.018616671,-0.019049461,-0.019532,-0.020064285,-0.020596546,-0.021128808,-0.021661085,-0.022193351,-0.022725622,-0.023257894,-0.023790143,-0.024322414,-0.024966535,-0.025722475,-0.026478403,-0.027234351,-0.027990273,-0.028746219,-0.029502146,-0.03025808,-0.031014026,-0.031769968,-0.032498068,-0.03319831,-0.033898571,-0.034598825,-0.035299073,-0.035999329,-0.036699597,-0.037399851,-0.03810011,-0.038800384,-0.039828509,-0.041184577,-0.04254062,-0.043896676,-0.045252727,-0.046608785,-0.047964834,-0.049320883,-0.050676943,-0.052032987,-0.053115933,-0.053925751,-0.054735543,-0.055545339,-0.056355157,-0.057164971,-0.057974775,-0.058784588,-0.059594403,-0.060404201,-0.061801967,-0.063787677,-0.065773387,-0.067759113,-0.069744837,-0.071730561,-0.073716297,-0.075702019,-0.07768772,-0.079673436,-0.08136195,-0.082753234,-0.084144507,-0.085535807,-0.086927098,-0.088318372,-0.089709669,-0.091100952,-0.092492254,-0.093883537,-0.095255343,-0.096607719,-0.097960093,-0.099312463,-0.100664819,-0.102017176,-0.10336953,-0.104721882,-0.106074269,-0.107426627,-0.109053068,-0.110953609,-0.112854193,-0.114754733,-0.11665526,-0.118555823,-0.120456354,-0.122356896,-0.12425743,-0.126157975,-0.127375718,-0.127910632,-0.128445563,-0.128980489,-0.129515399,-0.13005034,-0.130585261,-0.131120166,-0.131655095,-0.132190027,-0.133024104,-0.13415735,-0.135290577,-0.136423816,-0.137557051,-0.138690292,-0.139823527,-0.140956743,-0.142089994,-0.143223207,-0.144276842,-0.14525091,-0.146224989,-0.147199046,-0.148173095,-0.149147142,-0.150121196,-0.15109525,-0.152069326,-0.15304339,-0.153125757,-0.152316497,-0.151507249,-0.150698005,-0.149888734,-0.149079456,-0.1482702,-0.147460936,-0.146651684,-0.145842421,-0.145977921,-0.147193309,-0.148384114,-0.149399223,-0.150532773,-0.151717989,-0.152707358,-0.153563768,-0.153775373,-0.153310815,-0.153006637,-0.153031982,-0.153668558,-0.15437098,-0.154648037,-0.154996957,-0.155090037,-0.156258851,-0.158942159,-0.160905359,-0.161983167,-0.162344545,-0.162383113,-0.163101141,-0.163701549,-0.163788523,-0.163879932,-0.16487815,-0.166229984,-0.166554215,-0.166998154,-0.167626648,-0.168023676,-0.168759813,-0.169312364,-0.169531851,-0.169655756,-0.16989273,-0.170116633,-0.169801537,-0.16939483,-0.168363808,-0.16696114,-0.166358526,-0.165720638,-0.164791695,-0.164518165,-0.164721938,-0.1646998,-0.16483295,-0.164840898,-0.163792116,-0.162020011,-0.160599602,-0.159990711,-0.159456474,-0.158025677,-0.15652862,-0.155666282,-0.154810341,-0.153609635,-0.15210211,-0.150977944,-0.151084483,-0.15103487,-0.150541695,-0.150591224,-0.150509175,-0.150244589,-0.15,-0.149984191,-0.150167765,-0.150234546,-0.150267067,-0.150569039,-0.15112185,-0.151666391,-0.152202663,-0.152730665,-0.153250398,-0.153761861,-0.154263584,-0.154755569,-0.155237814,-0.15571032,-0.156173087,-0.156629147,-0.1570785,-0.157521146,-0.157957086,-0.158386319,-0.158792902,-0.159176836,-0.159538121,-0.159876757,-0.160192743,-0.160473568,-0.160719232,-0.160929736,-0.161105078,-0.161245258,-0.161363216,-0.161458949,-0.161532459,-0.161583745,-0.161612807,-0.161619645,-0.16160426,-0.161566651,-0.161506818,-0.161424761,-0.161322494,-0.161200017,-0.161057329,-0.160894431,-0.160711323,-0.160508005,-0.160284476,-0.160040736,-0.159776787,-0.159492627,-0.159169141,-0.158806328,-0.15840419,-0.157962726,-0.157481935,-0.156961819,-0.156402376,-0.155803608,-0.155165513,-0.154488092,-0.153769446,-0.153009575,-0.152208479,-0.151366158,-0.150482612,-0.149557841,-0.148591845,-0.147584624,-0.146536178,-0.145446506,-0.144318935,-0.143153463,-0.14195009,-0.140708817,-0.139429644,-0.13811257,-0.136757596,-0.135364722,-0.133933947
M,Land use,World,W/m2,0.0,0.0,-0.000180701,-0.000361403,-0.000542136,-0.000722841,-0.000903569,-0.001084262,-0.001264968,-0.001445698,-0.001626401,-0.001814885,-0.002011142,-0.002207415,-0.002403669,-0.002599921,-0.002796178,-0.002992441,-0.003188688,-0.003384955,-0.003581218,-0.003798265,-0.004036171,-0.004274054,-0.004511934,-0.004749824,-0.004987681,-0.005225579,-0.005463446,-0.005701346,-0.005939237,-0.006166997,-0.006384666,-0.006602337,-0.00681999,-0.007037663,-0.007255339,-0.007472994,-0.007690667,-0.007908321,-0.008125991,-0.008371101,-0.008643622,-0.008916137,-0.009188655,-0.009461156,-0.009733692,-0.010006222,-0.010278745,-0.010551266,-0.010823791,-0.011158936,-0.011556722,-0.011954508,-0.012352281,-0.012750063,-0.013147841,-0.013545622,-0.013943387,-0.014341171,-0.014738952,-0.015154255,-0.015587032,-0.016019842,-0.01645266,-0.016885469,-0.017318268,-0.017751056,-0.018183862,-0.018616671,-0.019049461,-0.019532,-0.020064285,-0.020596546,-0.021128808,-0.021661085,-0.022193351,-0.022725622,-0.023257894,-0.023790143,-0.024322414,-0.024966535,-0.025722475,-0.026478403,-0.027234351,-0.027990273,-0.028746219,-0.029502146,-0.03025808,-0.031014026,-0.031769968,-0.032498068,-0.03319831,-0.033898571,-0.034598825,-0.035299073,-0.035999329,-0.036699597,-0.037399851,-0.03810011,-0.038800384,-0.039828509,-0.041184577,-0.04254062,-0.043896676,-0.045252727,-0.046608785,-0.047964834,-0.049320883,-0.050676943,-0.052032987,-0.053115933,-0.053925751,-0.054735543,-0.055545339,-0.056355157,-0.057164971,-0.057974775,-0.058784588,-0.059594403,-0.060404201,-0.061801967,-0.063787677,-0.065773387,-0.067759113,-0.069744837,-0.071730561,-0.073716297,-0.075702019,-0.07768772,-0.079673436,-0.08136195,-0.082753234,-0.084144507,-0.085535807,-0.086927098,-0.088318372,-0.089709669,-0.091100952,-0.092492254,-0.093883537,-0.095255343,-0.096607719,-0.097960093,-0.099312463,-0.100664819,-0.102017176,-0.10336953,-0.104721882,-0.106074269,-0.107426627,-0.109053068,-0.110953609,-0.112854193,-0.114754733,-0.11665526,-0.118555823,-0.120456354,-0.122356896,-0.12425743,-0.126157975,-0.127375718,-0.127910632,-0.128445563,-0.128980489,-0.129515399,-0.13005034,-0.130585261,-0.131120166,-0.131655095,-0.132190027,-0.133024104,-0.13415735,-0.135290577,-0.136423816,-0.137557051,-0.138690292,-0.139823527,-0.140956743,-0.142089994,-0.143223207,-0.144276842,-0.14525091,-0.146224989,-0.147199046,-0.148173095,-0.149147142,-0.150121196,-0.15109525,-0.152069326,-0.15304339,-0.153125757,-0.152316497,-0.151507249,-0.150698005,-0.149888734,-0.149079456,-0.1482702,-0.147460936,-0.146651684,-0.145842421,-0.145977921,-0.147193309,-0.148384114,-0.149399223,-0.150532773,-0.151717989,-0.152707358,-0.153563768,-0.153775373,-0.153310815,-0.153006637,-0.153031982,-0.153668558,-0.15437098,-0.154648037,-0.154996957,-0.155090037,-0.156258851,-0.158942159,-0.160905359,-0.161983167,-0.162344545,-0.162383113,-0.163101141,-0.163701549,-0.163788523,-0.163879932,-0.16487815,-0.166229984,-0.166554215,-0.166998154,-0.167626648,-0.168023676,-0.168759813,-0.169312364,-0.169531851,-0.169655756,-0.16989273,-0.170116633,-0.169801537,-0.16939483,-0.168363808,-0.16696114,-0.166358526,-0.165720638,-0.164791695,-0.164518165,-0.164721938,-0.1646998,-0.16483295,-0.164840898,-0.163792116,-0.162020011,-0.160599602,-0.159990711,-0.159456474,-0.158025677,-0.15652862,-0.155666282,-0.154810341,-0.153609635,-0.15210211,-0.150977944,-0.151084483,-0.15103487,-0.150541695,-0.150591224,-0.150509175,-0.150244589,-0.15,-0.149984191,-0.150167765,-0.150234546,-0.150267067,-0.150601455,-0.151219096,-0.151825995,-0.152422152,-0.153007566,-0.153582237,-0.154146165,-0.154696585,-0.155233497,-0.1557569,-0.156266795,-0.156763182,-0.157248673,-0.15772327,-0.158186972,-0.158639779,-0.159081691,-0.159512749,-0.159932954,-0.160342305,-0.160740803,-0.161128446,-0.161510348,-0.161886506,-0.162256923,-0.162621597,-0.162980528,-0.163335914,-0.163687753,-0.164036047,-0.164380795,-0.164721997,-0.165059654,-0.165393764,-0.165724329,-0.166051347,-0.16637482,-0.1666945,-0.167010386,-0.167322479,-0.167630778,-0.167935284,-0.168235997,-0.168532917,-0.168826043,-0.169115375,-0.169400915,-0.16968341,-0.169962861,-0.170239269,-0.170512632,-0.170782952,-0.171050228,-0.171314459,-0.171575647,-0.171833791,-0.172088891,-0.172342196,-0.172593706,-0.172843421,-0.173091342,-0.173337468,-0.173581799,-0.173824335,-0.174065076,-0.174304023,-0.174541175,-0.174779246,-0.175018236,-0.175258145,-0.175498973,-0.17574072,-0.175983386,-0.176226971,-0.176471476,-0.176716899
H,Land use,World,W/m2,0.0,0.0,-0.000180701,-0.000361403,-0.000542136,-0.000722841,-0.000903569,-0.001084262,-0.001264968,-0.001445698,-0.001626401,-0.001814885,-0.002011142,-0.002207415,-0.002403669,-0.002599921,-0.002796178,-0.002992441,-0.003188688,-0.003384955,-0.003581218,-0.003798265,-0.004036171,-0.004274054,-0.004511934,-0.004749824,-0.004987681,-0.005225579,-0.005463446,-0.005701346,-0.005939237,-0.006166997,-0.006384666,-0.006602337,-0.00681999,-0.007037663,-0.007255339,-0.007472994,-0.007690667,-0.007908321,-0.008125991,-0.008371101,-0.008643622,-0.008916137,-0.009188655,-0.009461156,-0.009733692,-0.010006222,-0.010278745,-0.010551266,-0.010823791,-0.011158936,-0.011556722,-0.011954508,-0.012352281,-0.012750063,-0.013147841,-0.013545622,-0.013943387,-0.014341171,-0.014738952,-0.015154255,-0.015587032,-0.016019842,-0.01645266,-0.016885469,-0.017318268,-0.017751056,-0.018183862,-0.018616671,-0.019049461,-0.019532,-0.020064285,-0.020596546,-0.021128808,-0.021661085,-0.022193351,-0.022725622,-0.023257894,-0.023790143,-0.024322414,-0.024966535,-0.025722475,-0.026478403,-0.027234351,-0.027990273,-0.028746219,-0.029502146,-0.03025808,-0.031014026,-0.031769968,-0.032498068,-0.03319831,-0.033898571,-0.034598825,-0.035299073,-0.035999329,-0.036699597,-0.037399851,-0.03810011,-0.038800384,-0.039828509,-0.041184577,-0.04254062,-0.043896676,-0.045252727,-0.046608785,-0.047964834,-0.049320883,-0.050676943,-0.052032987,-0.053115933,-0.053925751,-0.054735543,-0.055545339,-0.056355157,-0.057164971,-0.057974775,-0.058784588,-0.059594403,-0.060404201,-0.061801967,-0.063787677,-0.065773387,-0.067759113,-0.069744837,-0.071730561,-0.073716297,-0.075702019,-0.07768772,-0.079673436,-0.08136195,-0.082753234,-0.084144507,-0.085535807,-0.086927098,-0.088318372,-0.089709669,-0.091100952,-0.092492254,-0.093883537,-0.095255343,-0.096607719,-0.097960093,-0.099312463,-0.100664819,-0.102017176,-0.10336953,-0.104721882,-0.106074269,-0.107426627,-0.109053068,-0.110953609,-0.112854193,-0.114754733,-0.11665526,-0.118555823,-0.120456354,-0.122356896,-0.12425743,-0.126157975,-0.127375718,-0.127910632,-0.128445563,-0.128980489,-0.129515399,-0.13005034,-0.130585261,-0.131120166,-0.131655095,-0.132190027,-0.133024104,-0.13415735,-0.135290577,-0.136423816,-0.137557051,-0.138690292,-0.139823527,-0.140956743,-0.142089994,-0.143223207,-0.144276842,-0.14525091,-0.146224989,-0.147199046,-0.148173095,-0.149147142,-0.150121196,-0.15109525,-0.152069326,-0.15304339,-0.153125757,-0.152316497,-0.151507249,-0.150698005,-0.149888734,-0.149079456,-0.1482702,-0.147460936,-0.146651684,-0.145842421,-0.145977921,-0.147193309,-0.148384114,-0.149399223,-0.150532773,-0.151717989,-0.152707358,-0.153563768,-0.153775373,-0.153310815,-0.153006637,-0.153031982,-0.153668558,-0.15437098,-0.154648037,-0.154996957,-0.155090037,-0.156258851,-0.158942159,-0.160905359,-0.161983167,-0.162344545,-0.162383113,-0.163101141,-0.163701549,-0.163788523,-0.163879932,-0.16487815,-0.166229984,-0.166554215,-0.166998154,-0.167626648,-0.168023676,-0.168759813,-0.169312364,-0.169531851,-0.169655756,-0.16989273,-0.170116633,-0.169801537,-0.16939483,-0.168363808,-0.16696114,-0.166358526,-0.165720638,-0.164791695,-0.164518165,-0.164721938,-0.1646998,-0.16483295,-0.164840898,-0.163792116,-0.162020011,-0.160599602,-0.159990711,-0.159456474,-0.158025677,-0.15652862,-0.155666282,-0.154810341,-0.153609635,-0.15210211,-0.150977944,-0.151084483,-0.15103487,-0.150541695,-0.150591224,-0.150509175,-0.150244589,-0.15,-0.149984191,-0.150167765,-0.150234546,-0.150267067,-0.150589529,-0.151183318,-0.151781369,-0.15238368,-0.152990252,-0.153601085,-0.154216179,-0.154835937,-0.155460359,-0.156089445,-0.156723195,-0.157361609,-0.157998074,-0.158632589,-0.159265155,-0.159895771,-0.160524437,-0.161156139,-0.161790876,-0.162428649,-0.163069457,-0.163713301,-0.164366976,-0.165030483,-0.165703822,-0.166386993,-0.167079995,-0.167778162,-0.168481493,-0.169189989,-0.16990365,-0.170622475,-0.171329576,-0.172024951,-0.172708602,-0.173380528,-0.174040729,-0.174671623,-0.175273211,-0.175845493,-0.176388468,-0.176902137,-0.177404322,-0.177895021,-0.178374236,-0.178841966,-0.179298212,-0.179745995,-0.180185316,-0.180616173,-0.181038568,-0.181452501,-0.181859867,-0.182260667,-0.182654901,-0.183042569,-0.183423671,-0.183801899,-0.184177254,-0.184549735,-0.184919342,-0.185286076,-0.185645817,-0.185998565,-0.186344321,-0.186683084,-0.187014855,-0.187344043,-0.18767065,-0.187994675,-0.188316118,-0.188634978,-0.18895186,-0.189266762,-0.189579686,-0.18989063
HL,Land use,World,W/m2,0.0,0.0,-0.000180701,-0.000361403,-0.000542136,-0.000722841,-0.000903569,-0.001084262,-0.001264968,-0.001445698,-0.001626401,-0.001814885,-0.002011142,-0.002207415,-0.002403669,-0.002599921,-0.002796178,-0.002992441,-0.003188688,-0.003384955,-0.003581218,-0.003798265,-0.004036171,-0.004274054,-0.004511934,-0.004749824,-0.004987681,-0.005225579,-0.005463446,-0.005701346,-0.005939237,-0.006166997,-0.006384666,-0.006602337,-0.00681999,-0.007037663,-0.007255339,-0.007472994,-0.007690667,-0.007908321,-0.008125991,-0.008371101,-0.008643622,-0.008916137,-0.009188655,-0.009461156,-0.009733692,-0.010006222,-0.010278745,-0.010551266,-0.010823791,-0.011158936,-0.011556722,-0.011954508,-0.012352281,-0.012750063,-0.013147841,-0.013545622,-0.013943387,-0.014341171,-0.014738952,-0.015154255,-0.015587032,-0.016019842,-0.01645266,-0.016885469,-0.017318268,-0.017751056,-0.018183862,-0.018616671,-0.019049461,-0.019532,-0.020064285,-0.020596546,-0.021128808,-0.021661085,-0.022193351,-0.022725622,-0.023257894,-0.023790143,-0.024322414,-0.024966535,-0.025722475,-0.026478403,-0.027234351,-0.027990273,-0.028746219,-0.029502146,-0.03025808,-0.031014026,-0.031769968,-0.032498068,-0.03319831,-0.033898571,-0.034598825,-0.035299073,-0.035999329,-0.036699597,-0.037399851,-0.03810011,-0.038800384,-0.039828509,-0.041184577,-0.04254062,-0.043896676,-0.045252727,-0.046608785,-0.047964834,-0.049320883,-0.050676943,-0.052032987,-0.053115933,-0.053925751,-0.054735543,-0.055545339,-0.056355157,-0.057164971,-0.057974775,-0.058784588,-0.059594403,-0.060404201,-0.061801967,-0.063787677,-0.065773387,-0.067759113,-0.069744837,-0.071730561,-0.073716297,-0.075702019,-0.07768772,-0.079673436,-0.08136195,-0.082753234,-0.084144507,-0.085535807,-0.086927098,-0.088318372,-0.089709669,-0.091100952,-0.092492254,-0.093883537,-0.095255343,-0.096607719,-0.097960093,-0.099312463,-0.100664819,-0.102017176,-0.10336953,-0.104721882,-0.106074269,-0.107426627,-0.109053068,-0.110953609,-0.112854193,-0.114754733,-0.11665526,-0.118555823,-0.120456354,-0.122356896,-0.12425743,-0.126157975,-0.127375718,-0.127910632,-0.128445563,-0.128980489,-0.129515399,-0.13005034,-0.130585261,-0.131120166,-0.131655095,-0.132190027,-0.133024104,-0.13415735,-0.135290577,-0.136423816,-0.137557051,-0.138690292,-0.139823527,-0.140956743,-0.142089994,-0.143223207,-0.144276842,-0.14525091,-0.146224989,-0.147199046,-0.148173095,-0.149147142,-0.150121196,-0.15109525,-0.152069326,-0.15304339,-0.153125757,-0.152316497,-0.151507249,-0.150698005,-0.149888734,-0.149079456,-0.1482702,-0.147460936,-0.146651684,-0.145842421,-0.145977921,-0.147193309,-0.148384114,-0.149399223,-0.150532773,-0.151717989,-0.152707358,-0.153563768,-0.153775373,-0.153310815,-0.153006637,-0.153031982,-0.153668558,-0.15437098,-0.154648037,-0.154996957,-0.155090037,-0.156258851,-0.158942159,-0.160905359,-0.161983167,-0.162344545,-0.162383113,-0.163101141,-0.163701549,-0.163788523,-0.163879932,-0.16487815,-0.166229984,-0.166554215,-0.166998154,-0.167626648,-0.168023676,-0.168759813,-0.169312364,-0.169531851,-0.169655756,-0.16989273,-0.170116633,-0.169801537,-0.16939483,-0.168363808,-0.16696114,-0.166358526,-0.165720638,-0.164791695,-0.164518165,-0.164721938,-0.1646998,-0.16483295,-0.164840898,-0.163792116,-0.162020011,-0.160599602,-0.159990711,-0.159456474,-0.158025677,-0.15652862,-0.155666282,-0.154810341,-0.153609635,-0.15210211,-0.150977944,-0.151084483,-0.15103487,-0.150541695,-0.150591224,-0.150509175,-0.150244589,-0.15,-0.149984191,-0.150167765,-0.150234546,-0.150267067,-0.150560539,-0.151096349,-0.15159449,-0.152054961,-0.152477763,-0.152862896,-0.153210359,-0.153543711,-0.153862953,-0.154168084,-0.154459104,-0.154736014,-0.154999454,-0.155249424,-0.155485925,-0.155708956,-0.155918517,-0.15611367,-0.156294414,-0.156460749,-0.156612676,-0.156750195,-0.156872113,-0.156978432,-0.157069152,-0.157144271,-0.157203791,-0.15725016,-0.157283378,-0.157303445,-0.157310361,-0.157304125,-0.157285066,-0.157253182,-0.157208473,-0.157150941,-0.157080584,-0.156999606,-0.156908006,-0.156805784,-0.156692941,-0.156569476,-0.156430114,-0.156274855,-0.156103699,-0.155916646,-0.155713696,-0.155423926,-0.155047337,-0.154583929,-0.154033701,-0.153396653,-0.152740256,-0.152064511,-0.151369416,-0.150654972,-0.149921179,-0.149197483,-0.148483885,-0.147780385,-0.147086983,-0.146403678,-0.145721871,-0.145041562,-0.144362751,-0.143685438,-0.143009623,-0.142337788,-0.141669934,-0.141006059,-0.140346165,-0.139690252,-0.139038609,-0.138391237,-0.137748137,-0.137109307
VL,Irrigation,World,W/m2,0.0,0.0,-2.45304e-05,-4.90607e-05,-7.35911e-05,-9.81215e-05,-0.000122652,-0.000147182,-0.000171713,-0.000196243,-0.000220773,-0.000245304,-0.000273145,-0.000300986,-0.000328828,-0.000356669,-0.000384511,-0.000412352,-0.000440193,-0.000468035,-0.000495876,-0.000523718,-0.000574912,-0.000626107,-0.000677301,-0.000728496,-0.00077969,-0.000830885,-0.000882079,-0.000933274,-0.000984468,-0.001035663,-0.00106464,-0.001093618,-0.001122596,-0.001151573,-0.001180551,-0.001209528,-0.001238506,-0.001267483,-0.001296461,-0.001325438,-0.001334297,-0.001343156,-0.001352014,-0.001360873,-0.001369731,-0.00137859,-0.001387449,-0.001396307,-0.001405166,-0.001414025,-0.001465953,-0.001517881,-0.00156981,-0.001621738,-0.001673666,-0.001725595,-0.001777523,-0.001829451,-0.00188138,-0.001933308,-0.001959042,-0.001984775,-0.002010509,-0.002036243,-0.002061976,-0.00208771,-0.002113443,-0.002139177,-0.002164911,-0.002190644,-0.002248563,-0.002306483,-0.002364402,-0.002422321,-0.00248024,-0.00253816,-0.002596079,-0.002653998,-0.002711917,-0.002769837,-0.002813004,-0.002856172,-0.00289934,-0.002942508,-0.002985675,-0.003028843,-0.003072011,-0.003115179,-0.003158347,-0.003201514,-0.003255715,-0.003309915,-0.003364115,-0.003418316,-0.003472516,-0.003526716,-0.003580917,-0.003635117,-0.003689317,-0.003743518,-0.00378494,-0.003826362,-0.003867784,-0.003909206,-0.003950628,-0.00399205,-0.004033472,-0.004074895,-0.004116317,-0.004157739,-0.004158208,-0.004158677,-0.004159147,-0.004159616,-0.004160085,-0.004160555,-0.004161024,-0.004161493,-0.004161963,-0.004162432,-0.004219211,-0.00427599,-0.004332768,-0.004389547,-0.004446326,-0.004503105,-0.004559884,-0.004616663,-0.004673441,-0.00473022,-0.004814865,-0.004899509,-0.004984153,-0.005068798,-0.005153442,-0.005238086,-0.005322731,-0.005407375,-0.005492019,-0.005576664,-0.00566239,-0.005748117,-0.005833844,-0.00591957,-0.006005297,-0.006091023,-0.00617675,-0.006262477,-0.006348203,-0.00643393,-0.006524814,-0.006615699,-0.006706583,-0.006797467,-0.006888351,-0.006979236,-0.00707012,-0.007161004,-0.007251889,-0.007342773,-0.007432293,-0.007521812,-0.007611331,-0.007700851,-0.00779037,-0.00787989,-0.007969409,-0.008058929,-0.008148448,-0.008237968,-0.008363194,-0.00848842,-0.008613647,-0.008738873,-0.008864099,-0.008989326,-0.009114552,-0.009239778,-0.009365004,-0.009490231,-0.009645969,-0.009801708,-0.009957447,-0.010113186,-0.010268924,-0.010424663,-0.010580402,-0.01073614,-0.010891879,-0.011047618,-0.011188666,-0.011329714,-0.011470762,-0.011611811,-0.011752859,-0.011893907,-0.012034956,-0.012176004,-0.012317052,-0.0124581,-0.012803201,-0.013148302,-0.013493403,-0.013838503,-0.014183604,-0.014580204,-0.014976803,-0.015373402,-0.015770002,-0.016166601,-0.016605948,-0.017045294,-0.017484641,-0.017923987,-0.018363334,-0.018872045,-0.019380756,-0.019889467,-0.020398179,-0.02090689,-0.021444481,-0.021982073,-0.022519664,-0.023057255,-0.023594846,-0.024126555,-0.024658263,-0.025189971,-0.025721679,-0.026253388,-0.026846408,-0.027439428,-0.028032448,-0.028625468,-0.029218489,-0.029864929,-0.03051137,-0.03115781,-0.03180425,-0.032450691,-0.033069784,-0.033688877,-0.03430797,-0.034927063,-0.035546157,-0.036127415,-0.036708674,-0.037289932,-0.037871191,-0.038452449,-0.039038089,-0.039623729,-0.04020937,-0.04079501,-0.04138065,-0.041989386,-0.042598122,-0.043206859,-0.043815595,-0.044424331,-0.045056296,-0.045688261,-0.046320227,-0.046952192,-0.047584157,-0.048188118,-0.048792079,-0.049396039,-0.05,-0.050603961,-0.051100417,-0.051596874,-0.05209333,-0.052589787,-0.053086243,-0.053515893,-0.053945542,-0.054375191,-0.05480484,-0.055234489,-0.055587114,-0.05593974,-0.056292365,-0.05664499,-0.056997615,-0.05728488,-0.057572144,-0.057859408,-0.058146672,-0.058433936,-0.058676965,-0.058919994,-0.059163022,-0.059406051,-0.05964908,-0.059833944,-0.060018808,-0.060203672,-0.060388535,-0.060573399,-0.060681084,-0.060788768,-0.060896453,-0.061004137,-0.061111822,-0.061139081,-0.06116634,-0.061193599,-0.061220857,-0.061248116,-0.061206778,-0.06116544,-0.061124101,-0.061082763,-0.061041425,-0.060943509,-0.060845593,-0.060747677,-0.060649761,-0.060551846,-0.060404647,-0.060257449,-0.06011025,-0.059963052,-0.059815853,-0.059620751,-0.059425649,-0.059230548,-0.059035446,-0.058840344,-0.058595235,-0.058350127,-0.058105019,-0.057859911,-0.057614802,-0.057323229,-0.057031655,-0.056740082,-0.056448508,-0.056156935,-0.055825842,-0.055494749,-0.055163656,-0.054832564,-0.054501471,-0.054134045,-0.05376662,-0.053399194,-0.053031769
LN,Irrigation,World,W/m2,0.0,0.0,-2.45304e-05,-4.90607e-05,-7.35911e-05,-9.81215e-05,-0.000122652,-0.000147182,-0.000171713,-0.000196243,-0.000220773,-0.000245304,-0.000273145,-0.000300986,-0.000328828,-0.000356669,-0.000384511,-0.000412352,-0.000440193,-0.000468035,-0.000495876,-0.000523718,-0.000574912,-0.000626107,-0.000677301,-0.000728496,-0.00077969,-0.000830885,-0.000882079,-0.000933274,-0.000984468,-0.001035663,-0.00106464,-0.001093618,-0.001122596,-0.001151573,-0.001180551,-0.001209528,-0.001238506,-0.001267483,-0.001296461,-0.001325438,-0.001334297,-0.001343156,-0.001352014,-0.001360873,-0.001369731,-0.00137859,-0.001387449,-0.001396307,-0.001405166,-0.001414025,-0.001465953,-0.001517881,-0.00156981,-0.001621738,-0.001673666,-0.001725595,-0.001777523,-0.001829451,-0.00188138,-0.001933308,-0.001959042,-0.001984775,-0.002010509,-0.002036243,-0.002061976,-0.00208771,-0.002113443,-0.002139177,-0.002164911,-0.002190644,-0.002248563,-0.002306483,-0.002364402,-0.002422321,-0.00248024,-0.00253816,-0.002596079,-0.002653998,-0.002711917,-0.002769837,-0.002813004,-0.002856172,-0.00289934,-0.002942508,-0.002985675,-0.003028843,-0.003072011,-0.003115179,-0.003158347,-0.003201514,-0.003255715,-0.003309915,-0.003364115,-0.003418316,-0.003472516,-0.003526716,-0.003580917,-0.003635117,-0.003689317,-0.003743518,-0.00378494,-0.003826362,-0.003867784,-0.003909206,-0.003950628,-0.00399205,-0.004033472,-0.004074895,-0.004116317,-0.004157739,-0.004158208,-0.004158677,-0.004159147,-0.004159616,-0.004160085,-0.004160555,-0.004161024,-0.004161493,-0.004161963,-0.004162432,-0.004219211,-0.00427599,-0.004332768,-0.004389547,-0.004446326,-0.004503105,-0.004559884,-0.004616663,-0.004673441,-0.00473022,-0.004814865,-0.004899509,-0.004984153,-0.005068798,-0.005153442,-0.005238086,-0.005322731,-0.005407375,-0.005492019,-0.005576664,-0.00566239,-0.005748117,-0.005833844,-0.00591957,-0.006005297,-0.006091023,-0.00617675,-0.006262477,-0.006348203,-0.00643393,-0.006524814,-0.006615699,-0.006706583,-0.006797467,-0.006888351,-0.006979236,-0.00707012,-0.007161004,-0.007251889,-0.007342773,-0.007432293,-0.007521812,-0.007611331,-0.007700851,-0.00779037,-0.00787989,-0.007969409,-0.008058929,-0.008148448,-0.008237968,-0.008363194,-0.00848842,-0.008613647,-0.008738873,-0.008864099,-0.008989326,-0.009114552,-0.009239778,-0.009365004,-0.009490231,-0.009645969,-0.009801708,-0.009957447,-0.010113186,-0.010268924,-0.010424663,-0.010580402,-0.01073614,-0.010891879,-0.011047618,-0.011188666,-0.011329714,-0.011470762,-0.011611811,-0.011752859,-0.011893907,-0.012034956,-0.012176004,-0.012317052,-0.0124581,-0.012803201,-0.013148302,-0.013493403,-0.013838503,-0.014183604,-0.014580204,-0.014976803,-0.015373402,-0.015770002,-0.016166601,-0.016605948,-0.017045294,-0.017484641,-0.017923987,-0.018363334,-0.018872045,-0.019380756,-0.019889467,-0.020398179,-0.02090689,-0.021444481,-0.021982073,-0.022519664,-0.023057255,-0.023594846,-0.024126555,-0.024658263,-0.025189971,-0.025721679,-0.026253388,-0.026846408,-0.027439428,-0.028032448,-0.028625468,-0.029218489,-0.029864929,-0.03051137,-0.03115781,-0.03180425,-0.032450691,-0.033069784,-0.033688877,-0.03430797,-0.034927063,-0.035546157,-0.036127415,-0.036708674,-0.037289932,-0.037871191,-0.038452449,-0.039038089,-0.039623729,-0.04020937,-0.04079501,-0.04138065,-0.041989386,-0.042598122,-0.043206859,-0.043815595,-0.044424331,-0.045056296,-0.045688261,-0.046320227,-0.046952192,-0.047584157,-0.048188118,-0.048792079,-0.049396039,-0.05,-0.050603961,-0.051100417,-0.051596874,-0.05209333,-0.052589787,-0.053086243,-0.053580369,-0.054074495,-0.054568621,-0.055062747,-0.055556873,-0.056015578,-0.056474284,-0.056932989,-0.057391694,-0.057850399,-0.058270954,-0.058691509,-0.059112064,-0.059532619,-0.059953173,-0.060326342,-0.060699511,-0.06107268,-0.061445849,-0.061819017,-0.062137817,-0.062456617,-0.062775417,-0.063094217,-0.063413017,-0.063671501,-0.063929984,-0.064188468,-0.064446951,-0.064705435,-0.064907776,-0.065110118,-0.065312459,-0.065514801,-0.065717142,-0.065864839,-0.066012535,-0.066160232,-0.066307928,-0.066455625,-0.066556248,-0.066656872,-0.066757495,-0.066858119,-0.066958742,-0.067012793,-0.067066845,-0.067120896,-0.067174947,-0.067228999,-0.06723549,-0.067241981,-0.067248472,-0.067254963,-0.067261454,-0.067224551,-0.067187648,-0.067150745,-0.067113842,-0.067076939,-0.067004493,-0.066932047,-0.066859601,-0.066787155,-0.066714709,-0.066610591,-0.066506473,-0.066402355,-0.066298236,-0.066194118,-0.06605963,-0.065925141,-0.065790653,-0.065656164
L,Irrigation,World,W/m2,0.0,0.0,-2.45304e-05,-4.90607e-05,-7.35911e-05,-9.81215e-05,-0.000122652,-0.000147182,-0.000171713,-0.000196243,-0.000220773,-0.000245304,-0.000273145,-0.000300986,-0.000328828,-0.000356669,-0.000384511,-0.000412352,-0.000440193,-0.000468035,-0.000495876,-0.000523718,-0.000574912,-0.000626107,-0.000677301,-0.000728496,-0.00077969,-0.000830885,-0.000882079,-0.000933274,-0.000984468,-0.001035663,-0.00106464,-0.001093618,-0.001122596,-0.001151573,-0.001180551,-0.001209528,-0.001238506,-0.001267483,-0.001296461,-0.001325438,-0.001334297,-0.001343156,-0.001352014,-0.001360873,-0.001369731,-0.00137859,-0.001387449,-0.001396307,-0.001405166,-0.001414025,-0.001465953,-0.001517881,-0.00156981,-0.001621738,-0.001673666,-0.001725595,-0.001777523,-0.001829451,-0.00188138,-0.001933308,-0.001959042,-0.001984775,-0.002010509,-0.002036243,-0.002061976,-0.00208771,-0.002113443,-0.002139177,-0.002164911,-0.002190644,-0.002248563,-0.002306483,-0.002364402,-0.002422321,-0.00248024,-0.00253816,-0.002596079,-0.002653998,-0.002711917,-0.002769837,-0.002813004,-0.002856172,-0.00289934,-0.002942508,-0.002985675,-0.003028843,-0.003072011,-0.003115179,-0.003158347,-0.003201514,-0.003255715,-0.003309915,-0.003364115,-0.003418316,-0.003472516,-0.003526716,-0.003580917,-0.003635117,-0.003689317,-0.003743518,-0.00378494,-0.003826362,-0.003867784,-0.003909206,-0.003950628,-0.00399205,-0.004033472,-0.004074895,-0.004116317,-0.004157739,-0.004158208,-0.004158677,-0.004159147,-0.004159616,-0.004160085,-0.004160555,-0.004161024,-0.004161493,-0.004161963,-0.004162432,-0.004219211,-0.00427599,-0.004332768,-0.004389547,-0.004446326,-0.004503105,-0.004559884,-0.004616663,-0.004673441,-0.00473022,-0.004814865,-0.004899509,-0.004984153,-0.005068798,-0.005153442,-0.005238086,-0.005322731,-0.005407375,-0.005492019,-0.005576664,-0.00566239,-0.005748117,-0.005833844,-0.00591957,-0.006005297,-0.006091023,-0.00617675,-0.006262477,-0.006348203,-0.00643393,-0.006524814,-0.006615699,-0.006706583,-0.006797467,-0.006888351,-0.006979236,-0.00707012,-0.007161004,-0.007251889,-0.007342773,-0.007432293,-0.007521812,-0.007611331,-0.007700851,-0.00779037,-0.00787989,-0.007969409,-0.008058929,-0.008148448,-0.008237968,-0.008363194,-0.00848842,-0.008613647,-0.008738873,-0.008864099,-0.008989326,-0.009114552,-0.009239778,-0.009365004,-0.009490231,-0.009645969,-0.009801708,-0.009957447,-0.010113186,-0.010268924,-0.010424663,-0.010580402,-0.01073614,-0.010891879,-0.011047618,-0.011188666,-0.011329714,-0.011470762,-0.011611811,-0.011752859,-0.011893907,-0.012034956,-0.012176004,-0.012317052,-0.0124581,-0.012803201,-0.013148302,-0.013493403,-0.013838503,-0.014183604,-0.014580204,-0.014976803,-0.015373402,-0.015770002,-0.016166601,-0.016605948,-0.017045294,-0.017484641,-0.017923987,-0.018363334,-0.018872045,-0.019380756,-0.019889467,-0.020398179,-0.02090689,-0.021444481,-0.021982073,-0.022519664,-0.023057255,-0.023594846,-0.024126555,-0.024658263,-0.025189971,-0.025721679,-0.026253388,-0.026846408,-0.027439428,-0.028032448,-0.028625468,-0.029218489,-0.029864929,-0.03051137,-0.03115781,-0.03180425,-0.032450691,-0.033069784,-0.033688877,-0.03430797,-0.034927063,-0.035546157,-0.036127415,-0.036708674,-0.037289932,-0.037871191,-0.038452449,-0.039038089,-0.039623729,-0.04020937,-0.04079501,-0.04138065,-0.041989386,-0.042598122,-0.043206859,-0.043815595,-0.044424331,-0.045056296,-0.045688261,-0.046320227,-0.046952192,-0.047584157,-0.048188118,-0.048792079,-0.049396039,-0.05,-0.050603961,-0.051100417,-0.051596874,-0.05209333,-0.052589787,-0.053086243,-0.053580369,-0.054074495,-0.054568621,-0.055062747,-0.055556873,-0.056015578,-0.056474284,-0.056932989,-0.057391694,-0.057850399,-0.058270954,-0.058691509,-0.059112064,-0.059532619,-0.059953173,-0.060326342,-0.060699511,-0.06107268,-0.061445849,-0.061819017,-0.062137817,-0.062456617,-0.062775417,-0.063094217,-0.063413017,-0.063671501,-0.063929984,-0.064188468,-0.064446951,-0.064705435,-0.064907776,-0.065110118,-0.065312459,-0.065514801,-0.065717142,-0.065864839,-0.066012535,-0.066160232,-0.066307928,-0.066455625,-0.066556248,-0.066656872,-0.066757495,-0.066858119,-0.066958742,-0.067012793,-0.067066845,-0.067120896,-0.067174947,-0.067228999,-0.06723549,-0.067241981,-0.067248472,-0.067254963,-0.067261454,-0.067224551,-0.067187648,-0.067150745,-0.067113842,-0.067076939,-0.067004493,-0.066932047,-0.066859601,-0.066787155,-0.066714709,-0.066610591,-0.066506473,-0.066402355,-0.066298236,-0.066194118,-0.06605963,-0.065925141,-0.065790653,-0.065656164
ML,Irrigation,World,W/m2,0.0,0.0,-2.45304e-05,-4.90607e-05,-7.35911e-05,-9.81215e-05,-0.000122652,-0.000147182,-0.000171713,-0.000196243,-0.000220773,-0.000245304,-0.000273145,-0.000300986,-0.000328828,-0.000356669,-0.000384511,-0.000412352,-0.000440193,-0.000468035,-0.000495876,-0.000523718,-0.000574912,-0.000626107,-0.000677301,-0.000728496,-0.00077969,-0.000830885,-0.000882079,-0.000933274,-0.000984468,-0.001035663,-0.00106464,-0.001093618,-0.001122596,-0.001151573,-0.001180551,-0.001209528,-0.001238506,-0.001267483,-0.001296461,-0.001325438,-0.001334297,-0.001343156,-0.001352014,-0.001360873,-0.001369731,-0.00137859,-0.001387449,-0.001396307,-0.001405166,-0.001414025,-0.001465953,-0.001517881,-0.00156981,-0.001621738,-0.001673666,-0.001725595,-0.001777523,-0.001829451,-0.00188138,-0.001933308,-0.001959042,-0.001984775,-0.002010509,-0.002036243,-0.002061976,-0.00208771,-0.002113443,-0.002139177,-0.002164911,-0.002190644,-0.002248563,-0.002306483,-0.002364402,-0.002422321,-0.00248024,-0.00253816,-0.002596079,-0.002653998,-0.002711917,-0.002769837,-0.002813004,-0.002856172,-0.00289934,-0.002942508,-0.002985675,-0.003028843,-0.003072011,-0.003115179,-0.003158347,-0.003201514,-0.003255715,-0.003309915,-0.003364115,-0.003418316,-0.003472516,-0.003526716,-0.003580917,-0.003635117,-0.003689317,-0.003743518,-0.00378494,-0.003826362,-0.003867784,-0.003909206,-0.003950628,-0.00399205,-0.004033472,-0.004074895,-0.004116317,-0.004157739,-0.004158208,-0.004158677,-0.004159147,-0.004159616,-0.004160085,-0.004160555,-0.004161024,-0.004161493,-0.004161963,-0.004162432,-0.004219211,-0.00427599,-0.004332768,-0.004389547,-0.004446326,-0.004503105,-0.004559884,-0.004616663,-0.004673441,-0.00473022,-0.004814865,-0.004899509,-0.004984153,-0.005068798,-0.005153442,-0.005238086,-0.005322731,-0.005407375,-0.005492019,-0.005576664,-0.00566239,-0.005748117,-0.005833844,-0.00591957,-0.006005297,-0.006091023,-0.00617675,-0.006262477,-0.006348203,-0.00643393,-0.006524814,-0.006615699,-0.006706583,-0.006797467,-0.006888351,-0.006979236,-0.00707012,-0.007161004,-0.007251889,-0.007342773,-0.007432293,-0.007521812,-0.007611331,-0.007700851,-0.00779037,-0.00787989,-0.007969409,-0.008058929,-0.008148448,-0.008237968,-0.008363194,-0.00848842,-0.008613647,-0.008738873,-0.008864099,-0.008989326,-0.009114552,-0.009239778,-0.009365004,-0.009490231,-0.009645969,-0.009801708,-0.009957447,-0.010113186,-0.010268924,-0.010424663,-0.010580402,-0.01073614,-0.010891879,-0.011047618,-0.011188666,-0.011329714,-0.011470762,-0.011611811,-0.011752859,-0.011893907,-0.012034956,-0.012176004,-0.012317052,-0.0124581,-0.012803201,-0.013148302,-0.013493403,-0.013838503,-0.014183604,-0.014580204,-0.014976803,-0.015373402,-0.015770002,-0.016166601,-0.016605948,-0.017045294,-0.017484641,-0.017923987,-0.018363334,-0.018872045,-0.019380756,-0.019889467,-0.020398179,-0.02090689,-0.021444481,-0.021982073,-0.022519664,-0.023057255,-0.023594846,-0.024126555,-0.024658263,-0.025189971,-0.025721679,-0.026253388,-0.026846408,-0.027439428,-0.028032448,-0.028625468,-0.029218489,-0.029864929,-0.03051137,-0.03115781,-0.03180425,-0.032450691,-0.033069784,-0.033688877,-0.03430797,-0.034927063,-0.035546157,-0.036127415,-0.036708674,-0.037289932,-0.037871191,-0.038452449,-0.039038089,-0.039623729,-0.04020937,-0.04079501,-0.04138065,-0.041989386,-0.042598122,-0.043206859,-0.043815595,-0.044424331,-0.045056296,-0.045688261,-0.046320227,-0.046952192,-0.047584157,-0.048188118,-0.048792079,-0.049396039,-0.05,-0.050603961,-0.051100417,-0.051596874,-0.05209333,-0.052589787,-0.053086243,-0.053580369,-0.054074495,-0.054568621,-0.055062747,-0.055556873,-0.056015578,-0.056474284,-0.056932989,-0.057391694,-0.057850399,-0.058270954,-0.058691509,-0.059112064,-0.059532619,-0.059953173,-0.060326342,-0.060699511,-0.06107268,-0.061445849,-0.061819017,-0.062137817,-0.062456617,-0.062775417,-0.063094217,-0.063413017,-0.063671501,-0.063929984,-0.064188468,-0.064446951,-0.064705435,-0.064907776,-0.065110118,-0.065312459,-0.065514801,-0.065717142,-0.065864839,-0.066012535,-0.066160232,-0.066307928,-0.066455625,-0.066556248,-0.066656872,-0.066757495,-0.066858119,-0.066958742,-0.067012793,-0.067066845,-0.067120896,-0.067174947,-0.067228999,-0.06723549,-0.067241981,-0.067248472,-0.067254963,-0.067261454,-0.067224551,-0.067187648,-0.067150745,-0.067113842,-0.067076939,-0.067004493,-0.066932047,-0.066859601,-0.066787155,-0.066714709,-0.066610591,-0.066506473,-0.066402355,-0.066298236,-0.066194118,-0.06605963,-0.065925141,-0.065790653,-0.065656164
M,Irrigation,World,W/m2,0.0,0.0,-2.45304e-05,-4.90607e-05,-7.35911e-05,-9.81215e-05,-0.000122652,-0.000147182,-0.000171713,-0.000196243,-0.000220773,-0.000245304,-0.000273145,-0.000300986,-0.000328828,-0.000356669,-0.000384511,-0.000412352,-0.000440193,-0.000468035,-0.000495876,-0.000523718,-0.000574912,-0.000626107,-0.000677301,-0.000728496,-0.00077969,-0.000830885,-0.000882079,-0.000933274,-0.000984468,-0.001035663,-0.00106464,-0.001093618,-0.001122596,-0.001151573,-0.001180551,-0.001209528,-0.001238506,-0.001267483,-0.001296461,-0.001325438,-0.001334297,-0.001343156,-0.001352014,-0.001360873,-0.001369731,-0.00137859,-0.001387449,-0.001396307,-0.001405166,-0.001414025,-0.001465953,-0.001517881,-0.00156981,-0.001621738,-0.001673666,-0.001725595,-0.001777523,-0.001829451,-0.00188138,-0.001933308,-0.001959042,-0.001984775,-0.002010509,-0.002036243,-0.002061976,-0.00208771,-0.002113443,-0.002139177,-0.002164911,-0.002190644,-0.002248563,-0.002306483,-0.002364402,-0.002422321,-0.00248024,-0.00253816,-0.002596079,-0.002653998,-0.002711917,-0.002769837,-0.002813004,-0.002856172,-0.00289934,-0.002942508,-0.002985675,-0.003028843,-0.003072011,-0.003115179,-0.003158347,-0.003201514,-0.003255715,-0.003309915,-0.003364115,-0.003418316,-0.003472516,-0.003526716,-0.003580917,-0.003635117,-0.003689317,-0.003743518,-0.00378494,-0.003826362,-0.003867784,-0.003909206,-0.003950628,-0.00399205,-0.004033472,-0.004074895,-0.004116317,-0.004157739,-0.004158208,-0.004158677,-0.004159147,-0.004159616,-0.004160085,-0.004160555,-0.004161024,-0.004161493,-0.004161963,-0.004162432,-0.004219211,-0.00427599,-0.004332768,-0.004389547,-0.004446326,-0.004503105,-0.004559884,-0.004616663,-0.004673441,-0.00473022,-0.004814865,-0.004899509,-0.004984153,-0.005068798,-0.005153442,-0.005238086,-0.005322731,-0.005407375,-0.005492019,-0.005576664,-0.00566239,-0.005748117,-0.005833844,-0.00591957,-0.006005297,-0.006091023,-0.00617675,-0.006262477,-0.006348203,-0.00643393,-0.006524814,-0.006615699,-0.006706583,-0.006797467,-0.006888351,-0.006979236,-0.00707012,-0.007161004,-0.007251889,-0.007342773,-0.007432293,-0.007521812,-0.007611331,-0.007700851,-0.00779037,-0.00787989,-0.007969409,-0.008058929,-0.008148448,-0.008237968,-0.008363194,-0.00848842,-0.008613647,-0.008738873,-0.008864099,-0.008989326,-0.009114552,-0.009239778,-0.009365004,-0.009490231,-0.009645969,-0.009801708,-0.009957447,-0.010113186,-0.010268924,-0.010424663,-0.010580402,-0.01073614,-0.010891879,-0.011047618,-0.011188666,-0.011329714,-0.011470762,-0.011611811,-0.011752859,-0.011893907,-0.012034956,-0.012176004,-0.012317052,-0.0124581,-0.012803201,-0.013148302,-0.013493403,-0.013838503,-0.014183604,-0.014580204,-0.014976803,-0.015373402,-0.015770002,-0.016166601,-0.016605948,-0.017045294,-0.017484641,-0.017923987,-0.018363334,-0.018872045,-0.019380756,-0.019889467,-0.020398179,-0.02090689,-0.021444481,-0.021982073,-0.022519664,-0.023057255,-0.023594846,-0.024126555,-0.024658263,-0.025189971,-0.025721679,-0.026253388,-0.026846408,-0.027439428,-0.028032448,-0.028625468,-0.029218489,-0.029864929,-0.03051137,-0.03115781,-0.03180425,-0.032450691,-0.033069784,-0.033688877,-0.03430797,-0.034927063,-0.035546157,-0.036127415,-0.036708674,-0.037289932,-0.037871191,-0.038452449,-0.039038089,-0.039623729,-0.04020937,-0.04079501,-0.04138065,-0.041989386,-0.042598122,-0.043206859,-0.043815595,-0.044424331,-0.045056296,-0.045688261,-0.046320227,-0.046952192,-0.047584157,-0.048188118,-0.048792079,-0.049396039,-0.05,-0.050603961,-0.051100417,-0.051596874,-0.05209333,-0.052589787,-0.053086243,-0.053580369,-0.054074495,-0.054568621,-0.055062747,-0.055556873,-0.056015578,-0.056474284,-0.056932989,-0.057391694,-0.057850399,-0.058270954,-0.058691509,-0.059112064,-0.059532619,-0.059953173,-0.060326342,-0.060699511,-0.06107268,-0.061445849,-0.061819017,-0.062137817,-0.062456617,-0.062775417,-0.063094217,-0.063413017,-0.063671501,-0.063929984,-0.064188468,-0.064446951,-0.064705435,-0.064907776,-0.065110118,-0.065312459,-0.065514801,-0.065717142,-0.065864839,-0.066012535,-0.066160232,-0.066307928,-0.066455625,-0.066556248,-0.066656872,-0.066757495,-0.066858119,-0.066958742,-0.067012793,-0.067066845,-0.067120896,-0.067174947,-0.067228999,-0.06723549,-0.067241981,-0.067248472,-0.067254963,-0.067261454,-0.067224551,-0.067187648,-0.067150745,-0.067113842,-0.067076939,-0.067004493,-0.066932047,-0.066859601,-0.066787155,-0.066714709,-0.066610591,-0.066506473,-0.066402355,-0.066298236,-0.066194118,-0.06605963,-0.065925141,-0.065790653,-0.065656164
H,Irrigation,World,W/m2,0.0,0.0,-2.45304e-05,-4.90607e-05,-7.35911e-05,-9.81215e-05,-0.000122652,-0.000147182,-0.000171713,-0.000196243,-0.000220773,-0.000245304,-0.000273145,-0.000300986,-0.000328828,-0.000356669,-0.000384511,-0.000412352,-0.000440193,-0.000468035,-0.000495876,-0.000523718,-0.000574912,-0.000626107,-0.000677301,-0.000728496,-0.00077969,-0.000830885,-0.000882079,-0.000933274,-0.000984468,-0.001035663,-0.00106464,-0.001093618,-0.001122596,-0.001151573,-0.001180551,-0.001209528,-0.001238506,-0.001267483,-0.001296461,-0.001325438,-0.001334297,-0.001343156,-0.001352014,-0.001360873,-0.001369731,-0.00137859,-0.001387449,-0.001396307,-0.001405166,-0.001414025,-0.001465953,-0.001517881,-0.00156981,-0.001621738,-0.001673666,-0.001725595,-0.001777523,-0.001829451,-0.00188138,-0.001933308,-0.001959042,-0.001984775,-0.002010509,-0.002036243,-0.002061976,-0.00208771,-0.002113443,-0.002139177,-0.002164911,-0.002190644,-0.002248563,-0.002306483,-0.002364402,-0.002422321,-0.00248024,-0.00253816,-0.002596079,-0.002653998,-0.002711917,-0.002769837,-0.002813004,-0.002856172,-0.00289934,-0.002942508,-0.002985675,-0.003028843,-0.003072011,-0.003115179,-0.003158347,-0.003201514,-0.003255715,-0.003309915,-0.003364115,-0.003418316,-0.003472516,-0.003526716,-0.003580917,-0.003635117,-0.003689317,-0.003743518,-0.00378494,-0.003826362,-0.003867784,-0.003909206,-0.003950628,-0.00399205,-0.004033472,-0.004074895,-0.004116317,-0.004157739,-0.004158208,-0.004158677,-0.004159147,-0.004159616,-0.004160085,-0.004160555,-0.004161024,-0.004161493,-0.004161963,-0.004162432,-0.004219211,-0.00427599,-0.004332768,-0.004389547,-0.004446326,-0.004503105,-0.004559884,-0.004616663,-0.004673441,-0.00473022,-0.004814865,-0.004899509,-0.004984153,-0.005068798,-0.005153442,-0.005238086,-0.005322731,-0.005407375,-0.005492019,-0.005576664,-0.00566239,-0.005748117,-0.005833844,-0.00591957,-0.006005297,-0.006091023,-0.00617675,-0.006262477,-0.006348203,-0.00643393,-0.006524814,-0.006615699,-0.006706583,-0.006797467,-0.006888351,-0.006979236,-0.00707012,-0.007161004,-0.007251889,-0.007342773,-0.007432293,-0.007521812,-0.007611331,-0.007700851,-0.00779037,-0.00787989,-0.007969409,-0.008058929,-0.008148448,-0.008237968,-0.008363194,-0.00848842,-0.008613647,-0.008738873,-0.008864099,-0.008989326,-0.009114552,-0.009239778,-0.009365004,-0.009490231,-0.009645969,-0.009801708,-0.009957447,-0.010113186,-0.010268924,-0.010424663,-0.010580402,-0.01073614,-0.010891879,-0.011047618,-0.011188666,-0.011329714,-0.011470762,-0.011611811,-0.011752859,-0.011893907,-0.012034956,-0.012176004,-0.012317052,-0.0124581,-0.012803201,-0.013148302,-0.013493403,-0.013838503,-0.014183604,-0.014580204,-0.014976803,-0.015373402,-0.015770002,-0.016166601,-0.016605948,-0.017045294,-0.017484641,-0.017923987,-0.018363334,-0.018872045,-0.019380756,-0.019889467,-0.020398179,-0.02090689,-0.021444481,-0.021982073,-0.022519664,-0.023057255,-0.023594846,-0.024126555,-0.024658263,-0.025189971,-0.025721679,-0.026253388,-0.026846408,-0.027439428,-0.028032448,-0.028625468,-0.029218489,-0.029864929,-0.03051137,-0.03115781,-0.03180425,-0.032450691,-0.033069784,-0.033688877,-0.03430797,-0.034927063,-0.035546157,-0.036127415,-0.036708674,-0.037289932,-0.037871191,-0.038452449,-0.039038089,-0.039623729,-0.04020937,-0.04079501,-0.04138065,-0.041989386,-0.042598122,-0.043206859,-0.043815595,-0.044424331,-0.045056296,-0.045688261,-0.046320227,-0.046952192,-0.047584157,-0.048188118,-0.048792079,-0.049396039,-0.05,-0.050603961,-0.051100417,-0.051596874,-0.05209333,-0.052589787,-0.053086243,-0.053643377,-0.054200511,-0.054757645,-0.055314778,-0.055871912,-0.056438755,-0.057005599,-0.057572442,-0.058139285,-0.058706129,-0.059277108,-0.059848086,-0.060419065,-0.060990044,-0.061561022,-0.062092196,-0.06262337,-0.063154544,-0.063685718,-0.064216891,-0.064714212,-0.065211533,-0.065708853,-0.066206174,-0.066703495,-0.067179011,-0.067654528,-0.068130044,-0.06860556,-0.069081077,-0.069553882,-0.070026687,-0.070499493,-0.070972298,-0.071445103,-0.071903771,-0.072362438,-0.072821106,-0.073279773,-0.073738441,-0.074182162,-0.074625883,-0.075069604,-0.075513324,-0.075957045,-0.076377768,-0.07679849,-0.077219212,-0.077639934,-0.078060656,-0.078459418,-0.07885818,-0.079256941,-0.079655703,-0.080054465,-0.080440832,-0.080827198,-0.081213565,-0.081599932,-0.081986299,-0.082369442,-0.082752586,-0.08313573,-0.083518874,-0.083902018,-0.084280406,-0.084658794,-0.085037182,-0.08541557,-0.085793958,-0.086163812,-0.086533666,-0.086903519,-0.087273373
HL,Irrigation,World,W/m2,0.0,0.0,-2.45304e-05,-4.90607e-05,-7.35911e-05,-9.81215e-05,-0.000122652,-0.000147182,-0.000171713,-0.000196243,-0.000220773,-0.000245304,-0.000273145,-0.000300986,-0.000328828,-0.000356669,-0.000384511,-0.000412352,-0.000440193,-0.000468035,-0.000495876,-0.000523718,-0.000574912,-0.000626107,-0.000677301,-0.000728496,-0.00077969,-0.000830885,-0.000882079,-0.000933274,-0.000984468,-0.001035663,-0.00106464,-0.001093618,-0.001122596,-0.001151573,-0.001180551,-0.001209528,-0.001238506,-0.001267483,-0.001296461,-0.001325438,-0.001334297,-0.001343156,-0.001352014,-0.001360873,-0.001369731,-0.00137859,-0.001387449,-0.001396307,-0.001405166,-0.001414025,-0.001465953,-0.001517881,-0.00156981,-0.001621738,-0.001673666,-0.001725595,-0.001777523,-0.001829451,-0.00188138,-0.001933308,-0.001959042,-0.001984775,-0.002010509,-0.002036243,-0.002061976,-0.00208771,-0.002113443,-0.002139177,-0.002164911,-0.002190644,-0.002248563,-0.002306483,-0.002364402,-0.002422321,-0.00248024,-0.00253816,-0.002596079,-0.002653998,-0.002711917,-0.002769837,-0.002813004,-0.002856172,-0.00289934,-0.002942508,-0.002985675,-0.003028843,-0.003072011,-0.003115179,-0.003158347,-0.003201514,-0.003255715,-0.003309915,-0.003364115,-0.003418316,-0.003472516,-0.003526716,-0.003580917,-0.003635117,-0.003689317,-0.003743518,-0.00378494,-0.003826362,-0.003867784,-0.003909206,-0.003950628,-0.00399205,-0.004033472,-0.004074895,-0.004116317,-0.004157739,-0.004158208,-0.004158677,-0.004159147,-0.004159616,-0.004160085,-0.004160555,-0.004161024,-0.004161493,-0.004161963,-0.004162432,-0.004219211,-0.00427599,-0.004332768,-0.004389547,-0.004446326,-0.004503105,-0.004559884,-0.004616663,-0.004673441,-0.00473022,-0.004814865,-0.004899509,-0.004984153,-0.005068798,-0.005153442,-0.005238086,-0.005322731,-0.005407375,-0.005492019,-0.005576664,-0.00566239,-0.005748117,-0.005833844,-0.00591957,-0.006005297,-0.006091023,-0.00617675,-0.006262477,-0.006348203,-0.00643393,-0.006524814,-0.006615699,-0.006706583,-0.006797467,-0.006888351,-0.006979236,-0.00707012,-0.007161004,-0.007251889,-0.007342773,-0.007432293,-0.007521812,-0.007611331,-0.007700851,-0.00779037,-0.00787989,-0.007969409,-0.008058929,-0.008148448,-0.008237968,-0.008363194,-0.00848842,-0.008613647,-0.008738873,-0.008864099,-0.008989326,-0.009114552,-0.009239778,-0.009365004,-0.009490231,-0.009645969,-0.009801708,-0.009957447,-0.010113186,-0.010268924,-0.010424663,-0.010580402,-0.01073614,-0.010891879,-0.011047618,-0.011188666,-0.011329714,-0.011470762,-0.011611811,-0.011752859,-0.011893907,-0.012034956,-0.012176004,-0.012317052,-0.0124581,-0.012803201,-0.013148302,-0.013493403,-0.013838503,-0.014183604,-0.014580204,-0.014976803,-0.015373402,-0.015770002,-0.016166601,-0.016605948,-0.017045294,-0.017484641,-0.017923987,-0.018363334,-0.018872045,-0.019380756,-0.019889467,-0.020398179,-0.02090689,-0.021444481,-0.021982073,-0.022519664,-0.023057255,-0.023594846,-0.024126555,-0.024658263,-0.025189971,-0.025721679,-0.026253388,-0.026846408,-0.027439428,-0.028032448,-0.028625468,-0.029218489,-0.029864929,-0.03051137,-0.03115781,-0.03180425,-0.032450691,-0.033069784,-0.033688877,-0.03430797,-0.034927063,-0.035546157,-0.036127415,-0.036708674,-0.037289932,-0.037871191,-0.038452449,-0.039038089,-0.039623729,-0.04020937,-0.04079501,-0.04138065,-0.041989386,-0.042598122,-0.043206859,-0.043815595,-0.044424331,-0.045056296,-0.045688261,-0.046320227,-0.046952192,-0.047584157,-0.048188118,-0.048792079,-0.049396039,-0.05,-0.050603961,-0.051100417,-0.051596874,-0.05209333,-0.052589787,-0.053086243,-0.053515504,-0.053944764,-0.054374025,-0.054803285,-0.055232545,-0.05558438,-0.055936214,-0.056288049,-0.056639883,-0.056991718,-0.057278419,-0.057565119,-0.05785182,-0.058138521,-0.058425221,-0.058668255,-0.058911288,-0.059154322,-0.059397355,-0.059640389,-0.059826044,-0.060011699,-0.060197355,-0.06038301,-0.060568665,-0.060677582,-0.060786499,-0.060895416,-0.061004333,-0.06111325,-0.061142077,-0.061170903,-0.061199729,-0.061228556,-0.061257382,-0.06121803,-0.061178678,-0.061139325,-0.061099973,-0.061060621,-0.060965385,-0.06087015,-0.060774914,-0.060679678,-0.060584442,-0.06044095,-0.060297457,-0.060153965,-0.060010472,-0.05986698,-0.059676706,-0.059486433,-0.059296159,-0.059105886,-0.058915612,-0.05867625,-0.058436888,-0.058197525,-0.057958163,-0.0577188,-0.057433515,-0.05714823,-0.056862945,-0.05657766,-0.056292375,-0.055967788,-0.055643202,-0.055318615,-0.054994028,-0.054669442,-0.054308213,-0.053946984,-0.053585756,-0.053224527
